,artist_name,track_name,track_id,track_popularity,artist_id,song_length_ms
0,Glass Animals,Heat Waves,3USxtqRwSYz57Ewm6wWRMp,85,4yvcSjfu4PC0CYQyLy4wSq,238805
1,Waylon Jennings,The Year 2003 Minus 25 - Remastered,0sFq478LIo9BFwf2qzMzzF,39,7wCjDgV6nqBsHguQXPAaIM,184266
2,Elley Duhé,MIDDLE OF THE NIGHT,58HvfVOeJY7lUuCqF0m3ly,91,67MNhiAICFY6Pwc2YxCO0K,184447
3,Tame Impala,Alter Ego - 2020 Mix,457sndKohlwTU6dW6amBMU,42,5INjqkS1o8h1imAzPqGZBb,289866
4,The Weeknd,Blinding Lights,0VjIjW4GlUZAMYd2vXMi3b,89,1Xyo4u8uXC1ZmMpatF05PJ,200040
5,Mads & Co.,Year 2020,1E7kvOufjivgCGLETpjvFs,0,1Zr86U3TuL6n1VkmENnPCm,176000
6,THE ANXIETY,Meet Me At Our Spot,07MDkzWARZaLEdKxo6yArG,83,64H8UqGLbJFHwKtGxiV8OP,162680
7,권영찬,Year 2000,5x187wwmFQNi5HQTrqkFQZ,22,4ZfOBmLAMXyn48SfyNJilP,111893
8,Glass Animals,Heat Waves,02MWAaffLxlfxAUY7c5dvx,90,4yvcSjfu4PC0CYQyLy4wSq,238805
9,Tame Impala,Runway Houses City Clouds - 2020 Mix,2rOsZbCZxH7P4mvuiBIgoP,37,5INjqkS1o8h1imAzPqGZBb,428626
10,Playboi Carti,Sky,29TPjc8wxfz4XMn21O7VsZ,81,699OTQXzgjhIYAHMy9RyPD,193234
11,Zager & Evans,In the Year 2525,3LdLGNKCW0dNr14JQlZPQt,35,55IyYO6fmYpYw6Nd4YF7bw,191160
12,Eslabon Armado,Jugaste y Sufrí,3NqBxTOMCJ3zW9CIP51td4,81,0XeEobZplHxzM9QzFQWLiR,275194
13,Silverchair,Anthem for the Year 2000,3LMpZcOhaz2CUX5rfoCNRs,45,4iudEcmuPlYNdbP3e1bdn1,247786
14,The Weeknd,Save Your Tears,5QO79kh1waicV47BqGRL3g,87,1Xyo4u8uXC1ZmMpatF05PJ,215626
15,New West,Years Ago,6NdyWIS7wxMTombWPpzjqf,37,69bG9tC62d8oTFC9aTTosn,194911
16,Polo G,Martin & Gina,1VLtjHwRWOVJiE5Py7JxoQ,80,6AgTAQt8XS6jRWi4sX7w49,132832
17,Jonas Brothers,Year 3000,7BbyWKteSctTKe696qf7fw,47,7gOdHgIoIKoe4i9Tta6qdD,201813
18,SZA,Good Days,3YJJjQPAbDT7mGpX3WtQ9A,80,7tYKF4w9nC0nq9CsPZTHyP,279204
19,Sukima Switch,Ah Yeah!! - 2020 Remaster,1EryXVV7xCH10UeVvF3RMB,37,0wRzWf3I4lUl9hdFF5uL0m,306213
20,Conan Gray,Heather,4xqrdfXkTW4T0RauPLv3WA,84,4Uc8Dsxct0oMqx0P6i60ea,198040
21,Hammock,Dark Beyond the Blue (2020),6t3w4yBR0Y1CxSNCh5EgDZ,37,0VOR7Ie9xUSb45fzIIVJQ1,325680
22,Eminem,Godzilla (feat. Juice WRLD),7FIWs0pqAYbP91WWM0vlTQ,82,7dGJo4pcD2V6oG8kP0tJRR,210800
23,Jonas Brothers,Year 3000,4zP7ADsgJgHGY6VzxbNp1z,63,7gOdHgIoIKoe4i9Tta6qdD,201960
24,Glass Animals,Heat Waves,6CDzDgIUqeDY5g8ujExx2f,85,4yvcSjfu4PC0CYQyLy4wSq,238805
25,Frank Sinatra,It Was A Very Good Year - 2008 Remastered,1vLPTWPfJSIrqOhNUWNfNY,42,1Mxqyy3pSjf8kZZL4QVxS0,266973
26,Juice WRLD,Wishing Well,2U5WueTLIK5WJLD7mvDODv,79,4MCBfE4596Uoi2O4DtmEMz,194621
27,The Rolling Stones,100 Years Ago - 2020,0RJplx8HMNZsBYmvjCsnO4,33,22bE4uQ6baNwSHPVcDxLCe,238133
28,Luke Combs,Forever After All,6IBcOGPsniK3Pso1wHIhew,76,718COspgdWOnwOFpJHRZHS,232533
29,ReTro d.r.E,Year 2020,2IgJQHUGFPdMSrNJdKQLVm,1,2gEgjW7Edg32td3C8lM8TE,150857
30,Kali Uchis,telepatía,6tDDoYIxWvMLTdKpjFkc1B,81,1U1el3k54VvEUzo3ybLPlM,160191
31,Year 200X,Ghosts N Goblins,0qSXoNHcm1sn9kWcAG7WCx,23,6JMGrupbzJZ3yuQhTGyeHr,106973
32,Machine Gun Kelly,my ex's best friend (with blackbear),7kDUspsoYfLkWnZR7qwHZl,79,6TIYQ3jFPwQSRmorSezPxX,139460
33,The Glitch Mob,Between Two Points (feat. Swan) - 2020 Remaster,0sfly5zhJJhfoLbcCMmiRB,36,3a9qv6NLHnsVxJUtKOMHvD,333193
34,King Von,Took Her To The O,7fEoXCZTZFosUFvFQg1BmW,76,6QtgPSJPSzcnn7dPZ4VINp,196179
35,Lo' Kuntry,Year 2020,06Oy3HFUXZYmNi2YpAQ6XZ,1,1AU5bWGVBRZ4NCl9E9oNlu,117655
36,Juice WRLD,Come & Go (with Marshmello),2Y0wPrPQBrGhoLn14xRYCG,79,4MCBfE4596Uoi2O4DtmEMz,205484
37,Year 200X,Ducktales (the Moon),0r5y3Ia2Wu3UkenDH2Ulhk,24,6JMGrupbzJZ3yuQhTGyeHr,131253
38,Dua Lipa,Levitating (feat. DaBaby),5nujrmhLynf4yMoMtj8AQF,84,6M2wZ9GZgrQXHCFfjv46we,203064
39,Johann Strauss II,"An der schönen blauen Donau, Walzer, Op. 314",5431KRbZtVF3tVgMR1lIYS,40,5goS0v24Fc1ydjCKQRwtjM,622226
40,Drake,Laugh Now Cry Later (feat. Lil Durk),2SAqBLGA283SUiwJ3xOUVI,79,3TVXtAsR1Inumwj472S9r4,261492
41,Lo' Kuntry,Year 2020,0y6M06A3mPwYj3le6fQwlt,1,1AU5bWGVBRZ4NCl9E9oNlu,117561
42,Tate McRae,you broke me first,45bE4HXI0AwGZXfZtMp8JR,82,45dkTj5sMRSjrmBSBeiHym,169265
43,Year 200X,Zelda II (Title - Battle - Fairy - Palace),1mo7zvAi0AFpLj4ODV9AyY,19,6JMGrupbzJZ3yuQhTGyeHr,386226
44,Jack Harlow,I WANNA SEE SOME ASS (feat. jetsonmade),2aWVaW1p2kUc5yuKwBmRJi,78,2LIk90788K0zvyj2JJVwkJ,125302
45,Papa Roach,Gravity - Remastered 2020,4zN1YCljFntHRccaX35RNg,31,4RddZ3iHvSpGV4dvATac9X,244448
46,$uicideboy$,"...And to Those I Love, Thanks for Sticking Around",30QR0ndUdiiMQMA9g1PGCm,78,1VPmR4DJC1PlOtd0IADAO0,168489
47,Nrthrn,Year 2020,2wQASuopyArgsh6SiHGylg,2,2JrapUnu1gX16UFMDjmok2,256000
48,Pop Smoke,For The Night (feat. Lil Baby & DaBaby),0PvFJmanyNQMseIFrU708S,80,0eDvMgVFoNV3TpwtrVCoTj,190476
49,Year 200X,Castlevania III (the Beginning),2HUMceEhjkJoOfn7UsomyX,20,6JMGrupbzJZ3yuQhTGyeHr,114000
50,blackbear,hot girl bummer,6jRq8gaZhMUyy5RclRPcAf,80,2cFrymmkijnjDg9SS92EPM,188343
51,No Spirit,It’s Been A Year,3YYni1jodOmekz697cuwhl,29,4XbnhifKeOnyfTsCInrQsX,163076
52,Jack Harlow,WHATS POPPIN,1jaTQ3nqY3oAAYyCTbIvnM,78,2LIk90788K0zvyj2JJVwkJ,139741
53,Ruined Conflict,Year 2020,6dEPod8uKS1oqcD7RZYy6c,2,3p18oCfd7ERzBpfjjFArjV,264000
54,Giveon,Heartbreak Anniversary,3FAJ6O0NOHQV8Mc5Ri6ENp,81,4fxd5Ee7UefO4CUXgwJ7IP,198370
55,Third Eye Blind,Losing a Whole Year - 2006 Remaster,4OtTVS1297d8h56MAX4Wpy,24,6TcnmlCSxihzWOQJ8k0rNS,200906
56,Diplo,Heartless (feat. Morgan Wallen),3FU6urUVsgXa6RBuV2PdRk,74,5fMUXHkw8R8eOP2RNVYEZX,169226
57,Papa Roach,Help - Remastered 2020,3ViE5zjLk07LjljeUUWtq0,31,4RddZ3iHvSpGV4dvATac9X,214797
58,"Tyler, The Creator",BEST INTEREST,3jHdKaLCkuNEkWcLVmQPCX,76,4V8LLVI7PbaPR0K2TGSxFF,127921
59,Iñigo Vontier,Year 2020,03VrhBjoCp0rSjajdhNE5N,1,46102Rmv7OVlBvNRnH3fj2,329142
60,Bad Bunny,La Santa,69vlMrzHwATKzupwNcUPyK,84,4q3ewBCX7sLwd24euuV69X,206420
61,LYMEY,END OF YEAR 2021,6usFCFN0F69JcAaHtB55sg,30,6dPOSlnP4zgYg7bkAkp4dY,1472769
62,Coyote Theory,This Side of Paradise,79EkGysjP2dL5GdpeQjRxT,80,48vmXfV0QPy3ljXBp81Fwn,242010
63,HammerFall,Templars of Steel - 2020 Remix,6VJrbJHOZeQcTKBun9ASh5,39,2o18h28enlHxj887tATc58,328210
64,Pop Smoke,What You Know Bout Love,1tkg4EHVoqnhR6iFEXb60y,80,0eDvMgVFoNV3TpwtrVCoTj,160000
65,Tigre Blanco,Year 2020,2Qzj5uQzUA85LjtcCBuAhZ,0,6uo0OxfWire0aXXymE5DBT,225883
66,Cardi B,WAP (feat. Megan Thee Stallion),4Oun2ylbjFKMPTiaSbbCih,79,4kYSro6naA4h99UJvo89HB,187541
67,Labi Siffre,Another Year - 2006 Remaster,0mrui4YU819ofTR3q3tSWi,24,5CzlICF8GCY0pRC82MKrhX,254426
68,Chris Stapleton,You Should Probably Leave,2UikqkwBv7aIvlixeVXHWt,74,4YLtscXsxbVgi031ovDDdh,213493
69,Papa Roach,Born For Greatness - Remastered 2020,4w18x6612KWiMb9pM10agY,31,4RddZ3iHvSpGV4dvATac9X,227847
70,Lil Durk,3 Headed Goat (feat. Lil Baby & Polo G),6Tguhaf2uAe6OjRLsR2Tql,74,3hcs9uc56yIGFCSy9leWe7,169531
71,kaestin,Year 2020,4BSnQlZksEtvmW4c2QOgEV,0,4NSw1h00rHzCCthkMiCqXp,161632
72,Ariana Grande,positions,35mvY5S1H3J2QZyna3TFe0,83,66CXWjxzNUsdJxJ2JdwvnR,172324
73,Dj Biffen,Merry Christmas and Happy New Year 2021 - Radio Edit,7h7yPyss4MIBVPXVeF83vg,25,7K54lZmkO9dwqe22N27ftb,176362
74,Powfu,death bed (coffee for your head),7eJMfftS33KTjuF7lTsMCx,81,6bmlMHgSheBauioMgKv2tn,173333
75,Papa Roach,Falling Apart - Remastered 2020,2qkxnCKVOKbQZcO8TEcXH1,29,4RddZ3iHvSpGV4dvATac9X,188919
76,Conan Gray,Maniac,6KfoDhO4XUWSbnyKjNp9c4,80,4Uc8Dsxct0oMqx0P6i60ea,185773
77,O.Reynolds,Year 2020,5YQMQ36OGVgxpyn9tmCpCb,0,3ZBqOuvlfEjtx7raSTLvpS,195384
78,Don Toliver,No Idea,7AzlLxHn24DxjgQX73F9fU,79,4Gso3d4CscCijv0lmajZWs,154424
79,Ish Kevin,My Year (2022),16TeLUubmneRAhwmRAMbjM,22,27rjDVGfZG4eorQwrZt2ZD,161807
80,21 Savage,Runnin,5SWnsxjhdcEDc7LJjq9UHk,76,1URnnhqYAYcrqrcwql10ft,195906
81,Papa Roach,Come Around - Remastered 2020,19XsdKehaBTpfhwS6OSdYr,29,4RddZ3iHvSpGV4dvATac9X,210961
82,Don Toliver,After Party,527k23H0A4Q0UJN3vGs0Da,77,4Gso3d4CscCijv0lmajZWs,167915
83,Haiti BaeB,Year 2020,0VWgZvez93QhJwTAVniUEw,0,2UB8v9xUn6zG1d1nBAvB7z,144566
84,DaBaby,ROCKSTAR (feat. Roddy Ricch),7ytR5pFWmSjzHJIeQkgog4,79,4r63FhuTkUYltbVAg5TQnk,181733
85,Simply Red,Holding Back the Years - 2008 Remaster,1yg7fwwYmx9DQ2TdXUmfpJ,66,1fa0cOhromAZdq2xRA4vv8,269840
86,Jack Harlow,Already Best Friends (feat. Chris Brown),4RKJRRd4VJfZWiqQTYsleE,76,2LIk90788K0zvyj2JJVwkJ,197031
87,Papa Roach,Elevate - Remastered 2020,5vi1VaZmV5CzibWGIcf9G4,29,4RddZ3iHvSpGV4dvATac9X,190000
88,Noah Cyrus,July,6J2LdBN97cDWn0MLxYh9HB,78,55fhWPvDiMpLnE4ZzNXZyW,156106
89,Judgemental,Year 2020,0sm0np6NlfZdgBvlD8kkm3,0,2UXY3Bsf9tcAfWS84vdpXa,306051
90,BTS,Dynamite,5QDLhrAOJJdNAmCTJ8xMyW,85,3Nrfpe0tUJi4K4DXYWgMUX,199053
91,APRE,Gap Year 2008,0Sbb2ST9tXiKBkQw7XUZrw,22,16oEz0ihXl8elwxOS0YMNF,237778
92,Polo G,21,3JKgcAa7r07ocVWcV8bS0H,75,6AgTAQt8XS6jRWi4sX7w49,163797
93,Papa Roach,Periscope - Remastered 2020,3DFp3sRBA9iWzZqEPLq8gM,29,4RddZ3iHvSpGV4dvATac9X,216770
94,Bad Bunny,A Tu Merced,4r9jkMEnArtWGH2rL2FZl0,85,4q3ewBCX7sLwd24euuV69X,175918
95,ReTro d.r.E,Year 2020,0Da2qjJhBPyttzWYOd1Ht5,0,2gEgjW7Edg32td3C8lM8TE,150857
96,Ariana Grande,34+35,6Im9k8u9iIzKMrmV7BWtlF,80,66CXWjxzNUsdJxJ2JdwvnR,173710
97,Whitesnake,Best Years - 2020 Remix,05ab5MZw1beOMcRH25St2W,19,3UbyYnvNIT5DFXU4WgiGpP,316159
98,Drake,Chicago Freestyle (feat. Giveon),4wVOKKEHUJxHCFFNUWDn0B,77,3TVXtAsR1Inumwj472S9r4,220487
99,Papa Roach,Face Everything and Rise - Remastered 2020,20JXjktPIqUV7bWr8nZkia,28,4RddZ3iHvSpGV4dvATac9X,191073
100,Bad Bunny,Si Veo a Tu Mamá,41wtwzCZkXwpnakmwJ239F,81,4q3ewBCX7sLwd24euuV69X,170971
101,YWB $uburb,Year 2020,6IPUBfLwEOPrzx4ZfEULYJ,0,5SHBBe9lTw4pVHnioGiFqb,186200
102,Bad Bunny,DÁKITI,47EiUVwUp4C9fGccaPuUCS,81,4q3ewBCX7sLwd24euuV69X,205090
103,David Gray,This Year's Love - 2020 Remaster,2raGOq0p2PXrWJnWXSBFaC,27,7J2lZBANizgPNfUzux31PV,245533
104,Steve Lacy,Infrunami,0f8eRy9A0n6zXpKSHSCAEp,74,57vWImR43h4CaDao012Ofp,178328
105,Kentomen,Year 2020,2wXYm7A2WwjjLkkzSIFS5j,0,2KEhmJoBugEJWoPGILT5do,173029
106,21 Savage,Rich Nigga Shit (feat. Young Thug),3ruoIF2UnoXdzK8mR61ebq,74,1URnnhqYAYcrqrcwql10ft,190331
107,Papa Roach,The Ending - Remastered 2020,6t1OmNgczg0oaGbpfzHVLR,27,4RddZ3iHvSpGV4dvATac9X,209828
108,Brent Faiyaz,Dead Man Walking,5VlTQnZO89Ioku8ssdbqJk,75,3tlXnStJ1fFhdScmQeLpuG,247079
109,Liberator World,Year 2020,72ou2l2Mr5YKNW83ua1zv1,0,4M6NqtDMMLIk9bTSbrfnv6,108024
110,Kane Brown,Be Like That - feat. Swae Lee & Khalid,5f1joOtoMeyppIcJGZQvqJ,75,3oSJ7TBVCWMDMiYjXNiCKE,191406
111,Papa Roach,American Dreams - Remastered 2020,6HLk3upJqJAmVNdMbnxT8g,27,4RddZ3iHvSpGV4dvATac9X,203118
112,Young Dolph,1 Scale (feat. G Herbo),5gmkw2031VVIboYqPIjSWB,72,3HiuzBlSW7pGDXlSFMhO2g,176040
113,The Glitch Mob,Fortune Days - 2020 Remaster,5GWHujc41JAjaiH6gcCjgu,24,3a9qv6NLHnsVxJUtKOMHvD,380815
114,Future,Drankin N Smokin,0k7wmahjkn389wAZdz19Cv,74,1RyvyyTE3xzB2ZywiAwp0i,213520
115,Jai Wolf,Indian Summer - 2020 Encore Mix,60SJ6qZIetPNm1Q2IRGgRr,23,24V5UY0nChKpnb1TBPJhCw,260806
116,Pop Smoke,Hello (feat. A Boogie Wit da Hoodie),2r6OAV3WsYtXuXjvJ1lIDi,78,0eDvMgVFoNV3TpwtrVCoTj,190534
117,Papa Roach,Burn - Remastered 2020,1LRQROTy2wN5VO3V0VPbUc,26,4RddZ3iHvSpGV4dvATac9X,205746
118,G Herbo,PTSD,1C8ux1YWLMHCenYJFiIV4Z,73,5QdEbQJ3ylBnc3gsIASAT5,232064
119,The Glitch Mob,Animus Vox - 2020 Remaster,3L1iZJUXiAcUvDhIIi3KAq,24,3a9qv6NLHnsVxJUtKOMHvD,402085
120,DJ Scheme,E-ER (feat. Lil Yachty),4N7i6RfJXMWfkx9Zr6pzkJ,73,1m7LSAMIB1BErIHYSOn32W,163384
121,Papa Roach,Still Swingin’ - Remastered 2020,1WeeMb71Hld9X5Bmq9IQup,26,4RddZ3iHvSpGV4dvATac9X,203293
122,Tame Impala,Borderline,5hM5arv9KDbCHS0k9uqwjr,76,5INjqkS1o8h1imAzPqGZBb,237800
123,Papa Roach,Kick In The Teeth - Remastered 2020,6hTXrvfe5fSIhAhMBznsau,26,4RddZ3iHvSpGV4dvATac9X,191453
124,Dua Lipa,Levitating (feat. DaBaby),463CkQjx2Zk1yXoBuierM9,78,6M2wZ9GZgrQXHCFfjv46we,203064
125,Al Stewart,Year of the Cat - 2020 Remaster,0BPl2z35ItKYbpvGjyh3mU,25,0DW7boyjvbaSP3OJ72sXgC,403066
126,The Kid LAROI,WITHOUT YOU,27OeeYzk6klgBh83TSvGMA,79,2tIP7SsRs7vjIcLrU85W8J,161384
127,Papa Roach,Who Do You Trust? - Remastered 2020,7mal4BdvagTpiAh8TiDfyh,27,4RddZ3iHvSpGV4dvATac9X,196480
128,Bad Bunny,Safaera,2DEZmgHKAvm41k4J3R2E9Y,79,4q3ewBCX7sLwd24euuV69X,295176
129,The Glitch Mob,Bad Wings - 2020 Remaster,6kM8GtByUt4KYN9MqGpCis,22,3a9qv6NLHnsVxJUtKOMHvD,398192
130,Bad Bunny,TE MUDASTE,5RubKOuDoPn5Kj5TLVxSxY,80,4q3ewBCX7sLwd24euuV69X,130013
131,Brad Mehldau,VIII. yearning,2JLAr5J7fP4IsRtx9cLkWN,25,2vI9KFm0fwSfPrpEgOeIbq,211000
132,Wiz Khalifa,The Thrill,4wqzOaLxiCRy2Et8tRyNSX,77,137W8MRPWKqSmrBGDBFSop,234333
133,The Glitch Mob,Drive It Like You Stole It - 2020 Remaster,1h0LR3X6LD19canA3cHDCO,21,3a9qv6NLHnsVxJUtKOMHvD,354464
134,HARDY,GIVE HEAVEN SOME HELL,2bVeUlOC5JjTpkQXuUUoYm,71,5QNm7E7RU2m64l6Gliu8Oy,217801
135,Hammock,EveryWhen - Bonus Track,2HGeIYpOrU9u5UR9Z98mx9,25,0VOR7Ie9xUSb45fzIIVJQ1,277199
136,1nonly,Stay With Me,2WYs5LxOZfEyURXu7V0O1a,79,3ZHU5AKrUmIPnCFfr82QER,141505
137,Chilled Cat,Winter Night on New Years Eve,639pj50r7i2uFzZ4BJhk4y,22,3itPIBjRCrJmrDgwCRYRHl,158551
138,Bad Bunny,LA NOCHE DE ANOCHE,2XIc1pqjXV3Cr2BQUGNBck,81,4q3ewBCX7sLwd24euuV69X,203200
139,Ceschi,2020 BC,0N76b0XIfpTxCJGhAkteP0,18,78t5ObID5m0cLVrpZernKV,470732
140,Bad Bunny,DÁKITI,4MzXwWMhyBbmu6hOcLVD49,81,4q3ewBCX7sLwd24euuV69X,205090
141,Leaving Laurel,sometimes it’s scary…but it’s still you and me - Mixed,0eZPeiMttWBveKreWHLjhI,29,2Tz2klWNZNGyvOMr8gT98t,379464
142,Gabby Barrett,I Hope,23T0OX7QOiIUFShSzbJ5Uo,73,6Iz3eq2aQGFf7TbGT2iahL,210772
143,015B,Random,1iLtDGfxRQS2aXkqGiSAvm,27,4uU7KfTjcjyKUGWSaTzLu7,275881
144,Jack Harlow,"WHATS POPPIN (feat. DaBaby, Tory Lanez & Lil Wayne) - Remix",2MbdDtCv5LUVjYy9RuGTgC,75,2LIk90788K0zvyj2JJVwkJ,227478
145,The Glitch Mob,A Dream Within A Dream - 2020 Remaster,2DW7QEmiAiumhYAQURtLAq,20,3a9qv6NLHnsVxJUtKOMHvD,321610
146,Dua Lipa,Levitating,39LLxExYz6ewLAcYrzQQyP,82,6M2wZ9GZgrQXHCFfjv46we,203807
147,The Glitch Mob,We Swarm - 2020 Remaster,0Hn5QyztsQH1iL8SCnJlJu,19,3a9qv6NLHnsVxJUtKOMHvD,352322
148,Gabby Barrett,The Good Ones,3hLuHKzG1cmlRpq53ZVWd8,72,6Iz3eq2aQGFf7TbGT2iahL,215140
149,The Glitch Mob,"Starve The Ego, Feed The Soul - 2020 Remaster",6Cat51fsEsJ6rBx4tJJUof,19,3a9qv6NLHnsVxJUtKOMHvD,346267
150,Beach Bunny,Cloud 9,6vFsBXYczYsP0H3lgunZOm,77,2vnB6tuQMaQpORiRdvXF9H,147350
151,The Glitch Mob,How To Be Eaten By A Woman - 2020 Remaster,5boDsGpqH3Tb8QqN6yA4im,19,3a9qv6NLHnsVxJUtKOMHvD,357968
152,Lil Baby,On Me,4Iedi94TIaB2GGb1nMB68v,73,5f7VJjfbwm532GiveGC0ZK,135959
153,New West,2020,2cMvGELrZVg8B832qg8QuG,27,69bG9tC62d8oTFC9aTTosn,164347
154,Mac Miller,Blue World,2hwOoMtWPtTSSn6WHV7Vp5,75,4LLpKhyESsyAXpc4laK94U,209440
155,The Glitch Mob,Fistful of Silence - 2020 Remaster,5Ypzq28Nc4sx115bAvfeOt,18,3a9qv6NLHnsVxJUtKOMHvD,309054
156,Jack Harlow,Tyler Herro,3w1WjD2zJqjBjDz5fwqQPJ,75,2LIk90788K0zvyj2JJVwkJ,156578
157,HammerFall,The Way of the Warrior - 2020 Remix,69Y63qrBE5tzG3CkTz8DpT,32,2o18h28enlHxj887tATc58,249676
158,Blxst,Chosen (feat. Ty Dolla $ign),1dIWPXMX4kRHj6Dt2DStUQ,78,4qXC0i02bSFstECuXP2ZpL,161684
159,Soulwax,NY Lipps - Dries Van Noten 2020 Remix,3E3IUPXd3EovxCo5mcRQtW,27,43mWhBXSflupNLuNjM5vff,842311
160,Bruno Major,Nothing,2IAR0DziHCjSu16gR4ihvy,79,0hDjKSKjl1DC7ovYTDJHe8,162797
161,Hammock,Longest Year (2020),0MlkZnfwsjwHHSfn07N8ao,17,0VOR7Ie9xUSb45fzIIVJQ1,533707
162,The Kid LAROI,GO (feat. Juice WRLD),2rPHUAeUPbNgTmK18FPTiZ,74,2tIP7SsRs7vjIcLrU85W8J,181688
163,October,Time To Love - 2020 Remastered,7zKG0StPF7Xg60fzq9cGZ6,23,1AkzuxRsDDcPQURcUARdlq,235590
164,Big Sean,Wolves (feat. Post Malone),33gwZOGJWEZ7dRWPqPxBEZ,75,0c173mlxpT3dSFRgMO8XPh,199758
165,Hammock,One Another (2020),6vnYZfpFN3JthwtdnVpo6l,18,0VOR7Ie9xUSb45fzIIVJQ1,409815
166,Playboi Carti,Vamp Anthem,4CzhtKifG867Lu5DNQVBSA,74,699OTQXzgjhIYAHMy9RyPD,124093
167,Kazuhito Murata,電話しても - 2020 Remaster,5MvIqNNzJGYbdOG1crN4XR,24,1YAn7piNSpMgdC8inGcOLd,229520
168,Money Man,24 (feat. Lil Baby),0xUvi7wldroBzaZCengPa5,73,3Rx4PJ7SP6unkOk5elPUK7,182857
169,015B,I See You,54AO5la1eAJp0hNaOud2B5,25,4uU7KfTjcjyKUGWSaTzLu7,285040
170,Playboi Carti,ILoveUIHateU,1BpKJw4RZxaFB88NE5uxXf,73,699OTQXzgjhIYAHMy9RyPD,135122
171,Workout Music ,Dance Monkey (Remix),3pdMC0tmADHu6jsZh6v5BD,27,5njMahLKD1tLJ5bejvqseV,262520
172,Key Glock,Mr. Glock,1ipSpQfzBbhPFhYm6tfVIz,71,0RESbWvOMyua0yuyVrztJ5,146880
173,NerdOut,The 2020 Gaming Rap Up,4GMWVLecuXC5AUl2yvNVwc,18,0oB2sOpQMaCCrMlPXBQCXu,294931
174,Bad Bunny,La Difícil,6NfrH0ANGmgBXyxgV2PeXt,79,4q3ewBCX7sLwd24euuV69X,163084
175,Alex Metric,Upswing - Mixed,6UtisDGlS9rFAXwNRIpRI8,27,6RDNTAgm2s6ae71nXWGnJD,317035
176,Ritt Momney,Put Your Records On,6AGOKlMZWLCaEJGnaROtF9,76,7MPGCB854Qo4alYMOPkBka,210463
177,Pepper Coyote,"No Conventions This Year, Pt. 1: January - June 2020",1zwsjBrauDmPshRxWE6hvm,15,4BaRyymiAjO4Q0PPG1dai5,392509
178,The Strokes,The Adults Are Talking,5ruzrDWcT0vuJIOMW7gMnW,77,0epOFNiUfyON9EYx7Tpr6V,309053
179,Ten Years After,Are You Lonesome Tonight (Remastered 2020),4vbDf4gGabrP5bAoNuENJ7,18,7nkLRaWHImCvWGHdNGnhVE,238000
180,Ozzy Osbourne,Crazy Train,7ACxUo21jtTHzy7ZEV56vU,75,6ZLTlhejhndI4Rh53vYhrY,293183
181,Ash,Clones - 2020 - Remaster,0y069jft8vt9CAIUfO9T0v,16,2evydP72Z45DouM4uMGsIE,240413
182,Juice WRLD,Righteous,5dOxHHMOFAbG3VH23t0xNm,74,4MCBfE4596Uoi2O4DtmEMz,242180
183,Above & Beyond,Blue Monday (Mixed),0xXps70H7LUN5So6Nrkfvq,26,10gzBoINW3cLJfZUka8Zoe,57186
184,Pop Smoke,Element,57BGVV6wcyhbn3hsjlqEZB,76,0eDvMgVFoNV3TpwtrVCoTj,135746
185,The Distillers,The Blackest Years - 2020 Remaster,1uXbBsJ14Uni9zqWgC7hgk,17,7MlyHuGRHi31yYlrttDqgT,450297
186,Pop Smoke,Mood Swings (feat. Lil Tjay),5rZlwNFl01HqLWBQGryKSm,77,0eDvMgVFoNV3TpwtrVCoTj,213333
187,Years & Years,Breathe,4VEByNkzYJ8rPVtaDQbiU9,23,5vBSrE1xujD2FXYRarbAXc,233228
188,Bad Bunny,Una Vez,5J7teKIJGtqVypgYI6sqXj,81,4q3ewBCX7sLwd24euuV69X,232496
189,HammerFall,Renegade - 2020 Remix,6VSM9yG5mth86AkzZOk3mS,27,2o18h28enlHxj887tATc58,262331
190,Ariana Grande,Stuck with U (with Justin Bieber),4HBZA5flZLE435QTztThqH,81,66CXWjxzNUsdJxJ2JdwvnR,228482
191,Hammock,"Lonely, Some Quietly Wander in the Hall of Stars (2020)",4KwaHAKaQNbShDfMTPXJ9Q,16,0VOR7Ie9xUSb45fzIIVJQ1,447133
192,Jhay Cortez,CÓMO SE SIENTE - Remix,2tFwfmceQa1Y6nRPhYbEtC,79,0EFisYRi20PTADoJrifHrz,227520
193,Workout Music ,Bad Guy (Remix),5v7OrTvBQNhXQwVzi3oXpb,23,5njMahLKD1tLJ5bejvqseV,281252
194,Juice WRLD,Hate The Other Side (with Marshmello & The Kid Laroi),0ada5XsQGLPUVbmTCkAP49,74,4MCBfE4596Uoi2O4DtmEMz,160212
195,Buju Banton,400 Years,1XvmMoTPgM5U2N1bfJcxoO,16,4wLAjfeqAsV66AocWNcowA,248343
196,Chris Brown,Go Crazy,1IIKrJVP1C9N7iPtG6eOsK,76,7bXgB6jMjp9ATFy66eO08Z,176960
197,Prince,Can I Play With U? (feat. Miles Davis) - 2020 Remaster,1FhKyKVywVGk9xHHtZIILC,12,5a2EaR3hamoenG9rDuVn8j,399539
198,Lil Uzi Vert,Myron,56uXDJRCuoS7abX3SkzHKQ,72,4O15NlyKLIASxsJ0PrXPfz,224954
199,PinocchioP,The Vocaloid Songs 10 Years Later,06YMPKuUvotChaFe8DC1lc,17,3b7jPCedJ2VH4l4rcOTvNC,327000
200,Lil Baby,We Paid (feat. 42 Dugg),6gxKUmycQX7uyMwJcweFjp,72,5f7VJjfbwm532GiveGC0ZK,181929
201,Steve Brian,Jupiter Boulevard (Mixed) - Taylor Torrence Remix,5cYN3eCrVvWlhZqs9NRPUD,23,4xSQ9zt3zGyyiCXazv4mhf,44857
202,Bad Bunny,La Zona,5kqNIqFjijuzvVLhuY9B8j,82,4q3ewBCX7sLwd24euuV69X,136892
203,BT,No Warning Lights (Mixed) - ALPHA 9 Remix,4AZM3eVkKsLJ0Oi0XdtWQI,23,64MoFdq8ORI3V98AR5SPWL,58493
204,Polo G,Flex (feat. Juice WRLD),2QqJTIlGKRLJC3onkavYEz,72,6AgTAQt8XS6jRWi4sX7w49,163902
205,Elysian,Beyond The Comfort Zone (Mixed),5LvfgyTDNtQG0vJaClqnku,23,6IPtgWMGTP1ZVcfMeo0XlO,75720
206,21 Savage,Mr. Right Now (feat. Drake),4Q34FP1AT7GEl9oLgNtiWj,72,1URnnhqYAYcrqrcwql10ft,193838
207,Workout Music ,Senorita (Remix),3AhAFvMHvMcREIQ4BnMNIf,21,5njMahLKD1tLJ5bejvqseV,270013
208,Gunna,DOLLAZ ON MY HEAD (feat. Young Thug),3nS9a01VvXHQriLqJYwRqG,73,2hlmm7s2ICUX0LVIhVFlZQ,197760
209,Pepper Coyote,"No Conventions This Year, Pt. 2: July 2020 - January 2021",25ygYDbBsCJW12P87UFb8z,12,4BaRyymiAjO4Q0PPG1dai5,463169
210,Tenille Arts,Somebody Like That,3hboOw4dS0aXGuP0fyyvbC,71,0gSAxSvAApQc71cTpoXDFu,198208
211,HammerFall,Keep the Flame Burning - 2020 Remix,4GjB9nzMSVCqiWBLslcBCJ,25,2o18h28enlHxj887tATc58,280382
212,Taylor Swift,exile (feat. Bon Iver),4pvb0WLRcMtbPGmtejJJ6y,77,06HL4z0CvFAxyc27GXpf02,285634
213,Gareth Emery,Yesterday (Mixed),5i4RJyVoid4zsJvx5fuuRL,23,0hprEC0nsWuQPSHag1O2Vi,88840
214,Giveon,Like I Want You,6qBFSepqLCuh5tehehc1bd,74,4fxd5Ee7UefO4CUXgwJ7IP,260776
215,Solarstone,Seven Cities (Mixed) - Tom Staar Remix,264t4HJzvQkMhSYb9y9j2m,24,1PfOXooPSLQhOTNZGrXM90,45706
216,Pop Smoke,Got It On Me,25zlnOAzbVoOzIeXSvQFf1,75,0eDvMgVFoNV3TpwtrVCoTj,164579
217,Ash,Girl from Mars - 2020 - Remaster,0xa3MnHMDD12gzZwdylcOY,19,2evydP72Z45DouM4uMGsIE,208480
218,Josh Abbott Band,Settle Me Down,4fFIpQ8eswym0U7movpzQR,70,2EJ5MRZCzpHSSNNEpTx9Kb,177083
219,HammerFall,A Legend Reborn - 2020 Remix,5YtlELwa9eYfmaPr92hmxG,25,2o18h28enlHxj887tATc58,323927
220,Brent Faiyaz,Clouded,2J6OF7CkpdQGSfm1wdclqn,72,3tlXnStJ1fFhdScmQeLpuG,110128
221,Elysian,Water (Mixed),01IV32KUgfMLJisLLqBNAF,23,6IPtgWMGTP1ZVcfMeo0XlO,59093
222,Mac Miller,Good News,1DWZUa5Mzf2BwzpHtgbHPY,74,4LLpKhyESsyAXpc4laK94U,342040
223,Armin van Buuren,A State Of Trance Year Mix 2020 (Mixed) - Intro: What Is Out There?,32EepqLfVjRC1oLMlPhiAA,17,0SfsnGyD8FpIN4U4WCkBZ5,151520
224,Doja Cat,Boss Bitch,78qd8dvwea0Gosb6Fe6j3k,78,5cj0lLjcoR7YOSnhnX0Po5,134239
225,Hammock,Cruel Sparks (2020),1C9QfQIRuNgA7S9GcES0e9,14,0VOR7Ie9xUSb45fzIIVJQ1,329686
226,Tory Lanez,Broke In A Minute,4xqIYGwwZTEem9U8A42SPF,72,2jku7tDXc6XoB6MO2hFuqg,132023
227,3LAU,Tokyo (Mixed) - Fatum Remix,2p5JsppxcUKlsVX6UkycAt,22,4YLQaW1UU3mrVetC8gNkg5,52533
228,Ariana Grande,motive (with Doja Cat),5GkQIP5mWPi4KZLLXeuFTT,77,66CXWjxzNUsdJxJ2JdwvnR,167989
229,Maryn,Dawn (Mixed),5PDi4cEm6L1fAadHXPcLNF,22,4H4iHbG7nopmzvkwsglVkM,45013
230,Future,Life Is Good (feat. Drake),5yY9lUy8nbvjM1Uyo1Uqoc,76,1RyvyyTE3xzB2ZywiAwp0i,237735
231,Gareth Emery,Welcome To Your Life (Mixed) - Jeremy Vancaulart Remix,3SbAyi5iuMgv3OItVwwH22,22,0hprEC0nsWuQPSHag1O2Vi,51786
232,Kid Cudi,Tequila Shots,30KctD1WsHKTIYczXjip5a,73,0fA0VVWsXO9YnASrzqfmYu,193293
233,AB6IX,CHANDELIER,2NQKN3x5Evk8xsOEqUBUjX,23,4y0wFJ5jmCUNRLZfsw1I7g,196758
234,Bad Bunny,Yo Perreo Sola,0SqqAgdovOE24BzxIClpjw,77,4q3ewBCX7sLwd24euuV69X,172127
235,The Cog is Dead,The Death of the Cog (Remastered 2020),5COePbRqAjwS4DPcdEoWEy,13,5aLQtm6eoBgUhsbHvgAJPF,158249
236,Eyedress,Romantic Lover,7s5VQqrjBtrBgZL4pEa46S,74,3XxNRirzbjfLdDli06zMaB,86739
237,Armin van Buuren,Illusion (Mixed),3rDk8lYqrRpnU1PsgVZ7I0,23,0SfsnGyD8FpIN4U4WCkBZ5,60946
238,Alexander 23,IDK You Yet,0j1Ia2lQWrcXrQZI4AdJlk,77,6sFHvCyqklnJpXC9Nh1aag,184638
239,Super8 & Tab,Live For Tonight (Mixed),0csXeqgGVCYvWp6RTSjdRP,22,3WGxBKuYawiVOmCwR8FIUC,45515
240,Taylor Swift,cardigan,4R2kfaDFhslZEMJqAFNpdd,77,06HL4z0CvFAxyc27GXpf02,239560
241,STANDERWICK,What About Us (Mixed),5KHiOrhY1VQJejYXVBAPCJ,21,6mLXfZ1OfXde8Iy9BfKoHE,73360
242,Junior H,Se Amerita,3pQYf90V5idOGrXzosm9rt,77,7Gi6gjaWy3DxyilpF1a8Is,235858
243,Alex Sonata & TheRio,Awakening (Mixed),6S7tShkCrPrXu8NfPzmWCZ,21,0R3Imkf3vLjMsdx46OC2Ej,60666
244,Polo G,Go Stupid,4PklAHGXT5ityno3IA8SKd,71,6AgTAQt8XS6jRWi4sX7w49,165726
245,Armin van Buuren,All On Me (Mixed),5JMp6MjsUcYz4Mp2avWIhA,21,0SfsnGyD8FpIN4U4WCkBZ5,45346
246,Selena Gomez,Lose You To Love Me,4l0Mvzj72xxOpRrp6h8nHi,79,0C8ZW7ezQVs4URX5aX7Kqx,206458
247,Maor Levi,One Love (Mixed),7zvzNcr3ZbTEaIBzwybD30,22,7iVuXpgNEl87BwdwV1L6he,103040
248,Tate McRae,that way,7l97ElWmIdVHWUaOeeU5ZC,77,45dkTj5sMRSjrmBSBeiHym,175026
249,"Joseph Hellmesberger, Jr.",Gavotte,6vexgDtC2T4CK8xeAf4k6N,19,7k9vGxixuXBoIo2AtRmCWG,293866
250,Ty Dolla $ign,Spicy (feat. Post Malone),5IUtvfNvOyVYZUa6AJFrnP,75,7c0XG5cIJTrrAgEC3ULPiq,143375
251,October,Cherry Blossom - 2020 Remastered,798mMFomXqcuVIvRKGSdhn,14,1AkzuxRsDDcPQURcUARdlq,200335
252,A Boogie Wit da Hoodie,Me and My Guitar,6cZH4rX1KTt1aJ3Ql6Ynja,71,31W5EY0aAly4Qieq6OFu6I,161764
253,Genix,Zuul (Mixed),07ygt0S6ZmrCkTkeryuZMo,22,5WWUkLXiAbmGwtELcfvB2w,43120
254,The Neighbourhood,Stargazing,0VF7YLIxSQKyNiFL3X6MmN,74,77SW9BnxLY8rJ0RciFqkHh,217026
255,Armin van Buuren,Punisher (Mixed),2PDMMyWwfYK6sKNyNjV9I7,21,0SfsnGyD8FpIN4U4WCkBZ5,34293
256,Lee Brice,One Of Them Girls,14GwnOeC9qYEKEA6uOZepa,71,5Zq7R5qmi58ByYyBQTlNuk,188893
257,015B,#BNTK,2rZqdoZtG4wLvaPv6Ocqpj,19,4uU7KfTjcjyKUGWSaTzLu7,277106
258,Taylor Swift,champagne problems,0sY6ZUTh4yoctD8VIXz339,75,06HL4z0CvFAxyc27GXpf02,244000
259,The Cog is Dead,The Copper War (Remastered 2020),7xoePagHnUhBzux0k80yXK,12,5aLQtm6eoBgUhsbHvgAJPF,211356
260,YNW Melly,Suicidal (Remix) [feat. Juice WRLD],4S2uhQE8L9V6p7rj7SiauJ,73,1cNDP5yjU5vjeR8qMf4grg,225857
261,ALPHA 9,Everywhere I Go (Mixed),0Qbl6El7iRVHhL8Hnr9gIS,21,6ckI88Ggj8DPe0TNAAVkjn,75000
262,Taylor Swift,august,3hUxzQpSfdDqwM3ZTFQY0K,76,06HL4z0CvFAxyc27GXpf02,261922
263,Scorz,Come To Life (Mixed),4xZLHEwMJHI7EmTUaIfFYI,21,2WSmz7fObdRrG8ZTXz7kcn,62040
264,Pooh Shiesty,Back In Blood (feat. Lil Durk),7JuHVG3qQKQKxC4doneXVW,70,5F1aAS1duwlzExnPs3l2Xe,184489
265,MaRLo,Say Hello (Mixed),1e2Moh5Z3gbHeVoE9hiNLf,20,2kd1zg9ZyGG6WjZO2dAsFd,103386
266,$NOT,GOSHA,0j8ppsOOawdPCJnSTcXgOy,72,5IbEL2xjRtKsunfmsahLuO,120000
267,Assaf,Lost Souls (Mixed) - AVIRA Remix,4uYyx2Vz7GKaSouXVTO33i,22,7gXSiMI9ru3Y4eoAtXFVtI,45733
268,Ariana Grande,pov,3UoULw70kMsiVXxW0L3A33,75,66CXWjxzNUsdJxJ2JdwvnR,201882
269,Assaf,Lost At Sea (Mixed),2Ognsk10gP8d9FLq0P4Yfv,21,7gXSiMI9ru3Y4eoAtXFVtI,82906
270,Jay Wheeler,La Curiosidad,4HYDUMY0xSpeBr0AMY9cUz,81,2cPqdH7XMvwaBJEVjheH8g,219048
271,Matt Fax,Could This Be (Mixed),7oTw0wgfaNouT0pgYzNpZ7,20,1XgI1X3xjXCKRP1ZjhqgkV,60466
272,Grupo Firme,El Tóxico,7E9GeFGfjXw9LAI4ay6rsw,78,1dKdetem2xEmjgvyymzytS,179745
273,Christy Moore,The Crack Was Ninety In The Isle Of Man - Live In Dublin / Remastered 2020,5FkE6MOLqzsg02nSw6N8PR,27,3Ebn7mKYzD0L3DaUB1gNJZ,185653
274,Trevor Daniel,Falling,0Aqi7ArnBrGblW5T6p2jmD,78,7uaIm6Pw7xplS8Dy06V6pT,159381
275,Taylor Torrence,If We Say Goodbye (Mixed),50F61Gbser6ucNbmCYaC9b,20,4PhWdminU7odBReTmyyZrH,59029
276,Penelope Scott,Rät,25z6kpmIwkCUqk2IORrJ5v,73,3u6lPufHw4Oww6D88rv6sB,194165
277,Armin van Buuren,In And Out Of Love (Mixed) - ilan Bluestone & Maor Levi Remix,4OOlVuBsYMUSB6W1uTVkH8,21,0SfsnGyD8FpIN4U4WCkBZ5,74986
278,Lil Uzi Vert,Homecoming,6vxU64pcIuQ38O015Zy4qj,70,4O15NlyKLIASxsJ0PrXPfz,213884
279,Rodg,Crossroads (Mixed),5jLjqxtK1M3HiXG6PnBj6M,21,1kb9YssvADeiGvCUwJzbdT,51706
280,Tiësto,The Business,6f3Slt0GbA2bPZlz0aIFXN,82,2o5jDhtHVPhrJdv3cEQ99Z,164000
281,Luke Bond,Walk Away (Mixed),5BXE7i3fePaWhb2AqyczFJ,21,13jm4r5O79Vxjy3zzZ51j0,96733
282,Internet Money,"Lemonade (feat. Gunna, Don Toliver & NAV)",7hxHWCCAIIxFLCzvDgnQHX,76,6MPCFvOQv5cIGfw3jODMF0,195428
283,Armin van Buuren,Tarzan (Mixed),68MN1r0IVeLRXi65i5laM7,21,0SfsnGyD8FpIN4U4WCkBZ5,38813
284,Jack Harlow,Way Out (feat. Big Sean),57VeLYXrvNxe8Vs18K2M9W,72,2LIk90788K0zvyj2JJVwkJ,168906
285,NWYR,Heart Eyes (Mixed),5yYQ0wqZ3LK63jyr60imkL,21,558dSyN1mMqsKrEBcKJ2p0,58626
286,The Weeknd,Heartless,6bnF93Rx87YqUBLSgjiMU8,75,1Xyo4u8uXC1ZmMpatF05PJ,198266
287,Omnia,Generation (Mixed),4ZRqvqByjnjabaHC4P1CJ8,21,0XZkeCAlpiO5qcIlAJzZaA,31653
288,THE SCOTTS,THE SCOTTS,39Yp9wwQiSRIDOvrVg7mbk,75,2PaZWGu5T5nHjY2xxAkFsT,165977
289,Sam Hunt,Body Like A Back Road,4kgaMzbdAgxWBglWt0xTR9,13,2kucQ9jQwuD8jWdtR9Ef38,165386
290,Juice WRLD,Conversations,4K06PO78fW4mnBVenxGNob,72,4MCBfE4596Uoi2O4DtmEMz,181661
291,Lane 8,Keep On - Mixed,1zHQesc4xZZ5B1nl8G9dl5,16,27gtK7m9vYwCyJ04zz0kIb,282750
292,Dua Lipa,Don't Start Now,3PfIrDoz19wz7qK7tYeu62,80,6M2wZ9GZgrQXHCFfjv46we,183290
293,i_o,In My Head (Part II) [Mixed],25WmdbWnEBMpHwOR9Kgt0x,20,0y42IQBDFigO5mmEd1bGQG,74426
294,Ava Max,Kings & Queens,7a53HqqArd4b9NF4XAmlbI,79,4npEfmQ6YuiwW1GpUmaq3F,162398
295,Andrew Rayel,Everything Everything (Mixed),3jyGg95jndX8h1ShL6ydaK,20,1UtBjqMZBAmqIPlDrKu7Tr,89986
296,Pop Smoke,Invincible,792HwhrdO3ErRKL5yRe4Ge,77,0eDvMgVFoNV3TpwtrVCoTj,127546
297,Armin van Buuren,I Need You To Know (Mixed),17EfGz0KhnCSBccqWa2oNh,18,0SfsnGyD8FpIN4U4WCkBZ5,44786
298,Nelly,Lil Bit,0NmuYnjETG3u3qx0OmEJev,71,2gBjLmx6zQnFGQJCAQpRgw,195962
299,ReOrder,After Tomorrow (Mixed),5HoChp62G52HrIb0LWoiQ3,20,6wfno0FdSaJa3DHHBuY1jy,36956
300,Dustin Lynch,Thinking 'Bout You (feat. Lauren Alaina),6NebrV4ZigAoXIRbe11hxh,69,1dID9zgn0OV0Y8ud7Mh2tS,170560
301,Orjan Nilsen,Sankthansaften (Mixed),0YCmgRAZRjuuG58QfWozsQ,20,1YuNQvsvOsMBm0ahbxB8qM,59986
302,Riovaz,Prom Night,7KhJdiu4zbPlhlImRLIyDl,71,1bhZt10yZVCJfp3HaNxJv8,145899
303,Armin van Buuren,Hollow (Mixed),6AegTL0xgC4hIIfoWFfYwY,20,0SfsnGyD8FpIN4U4WCkBZ5,112506
304,Sara Kays,Remember That Night?,1nYzjrdVQ8RpF93M0jPFW7,75,7Lk9V7E1u5gqSHmtcKlOqH,227186
305,Armin van Buuren,Need You Now (Mixed),6sEF9scI0D2LeEvuY0hGvR,19,0SfsnGyD8FpIN4U4WCkBZ5,44320
306,Internet Money,Lemonade,02kDW379Yfd5PzW5A6vuGt,76,6MPCFvOQv5cIGfw3jODMF0,195428
307,Super8 & Tab,Rooftops (Mixed) - Maarten de Jong Remix,6SF3QICKyvKLO4ap7BwahD,20,3WGxBKuYawiVOmCwR8FIUC,43640
308,Rod Wave,Rags2Riches 2 (feat. Lil Baby),40TPiJpvwGIyvPjJMDTKfy,70,45TgXXqMDdF8BkjA83OM7z,235987
309,Above & Beyond,Reverie (Mixed) - Above & Beyond Club Mix,480kTu57MGkhmbncAKyaYi,20,10gzBoINW3cLJfZUka8Zoe,82493
310,Juice WRLD,Stay High,21CkzgKCBCq5V4XKjiGSIj,72,4MCBfE4596Uoi2O4DtmEMz,168684
311,HammerFall,The Champion - 2020 Remix,7kcS5u0ou8GY92TaClldMK,23,2o18h28enlHxj887tATc58,300097
312,The Kid LAROI,TRAGIC (feat. Youngboy Never Broke Again & Internet Money),13EW51DKru044OJDJ9Bm8o,71,2tIP7SsRs7vjIcLrU85W8J,153147
313,Trap Beats,New Year,7ycJlRjFTUnRI4WzOOGNYP,10,3TgLh2ulrS57wb0a6HEPl8,77587
314,Lee Brice,Soul,3vCUelLOtiuNF78p9LNWZF,70,5Zq7R5qmi58ByYyBQTlNuk,167680
315,Philanthrope,Plants,34P0h72r5IebPGGH76blf3,14,13ACz7DIictCpSYGglNTHs,127000
316,Lil Mosey,Blueberry Faygo,6wJYhPfqk3KGhHRG76WzOh,73,5zctI4wO9XSKS8XwcnqEHk,162546
317,Alexander Popov,Nothing Is Over (Mixed) - Roman Messer Remix,5FxAWuM1qc1MV5m1sGg26F,21,4zNhfG6i4QlfUuzt1hBGu2,85546
318,XXXTENTACION,Riot,4aOOExMBUyxKnEYb39SrTg,72,15UsOTVnJzReFVN1VCnxy4,78680
319,Protoculture,Go (Mixed),7z0qcacB2xNawgBMwilsp3,20,37kQjANSQM1tmkTwvB5M96,57226
320,Jack Harlow,Tyler Herro,4DuUwzP4ALMqpquHU0ltAB,72,2LIk90788K0zvyj2JJVwkJ,156497
321,Armin van Buuren,Mask (Mixed),1Q5SYfHwo8zzlYAHHYMX6U,20,0SfsnGyD8FpIN4U4WCkBZ5,60013
322,Megan Thee Stallion,Body,0A1hoCfMLkiAgvhWkkucJa,72,181bsRPaVXVlUKXrxwZfHK,171067
323,GXD,Sail (Mixed),2fNhqbI5wDYyqiHcYc0GZD,20,3XWFA55Hf9Q4YS8AHsfnH8,58173
324,Luke Combs,Cold As You,7IWV29mryrqtO0JVgnPtfv,70,718COspgdWOnwOFpJHRZHS,186106
325,Cosmic Gate,The Launch (Mixed),6QjyYaDF4y0ZaAoSKRQWdc,19,6ySxYu68zTsO5ghsThpGtS,103760
326,Ava Max,Sweet but Psycho,7DnAm9FOTWE3cUvso43HhI,78,4npEfmQ6YuiwW1GpUmaq3F,187436
327,Johann Strauss II,"Tritsch-Tratsch Polka, Op. 214",69wLJc6kgffKGDR7vd2kEr,18,5goS0v24Fc1ydjCKQRwtjM,143920
328,Eslabon Armado,Con Tus Besos,6WYB1odDfMPVMyp1QxFInT,72,0XeEobZplHxzM9QzFQWLiR,226821
329,Christy Moore,Black Is The Colour Of My True Love's Hair - Live In Dublin / Remastered 2020,1SYZYOjXCOuIo0wEwbtuX0,25,3Ebn7mKYzD0L3DaUB1gNJZ,245720
330,Vedo,You Got It,4lsHZ92XCFOQfzJFBTluk8,74,3wVXTWabe3viT0jF7DfjOL,203144
331,MXRGX,Fkn 2020,7gc9EjA4NxC6gnE73fW6xN,15,6gbsXeoeYTUXGlYlxcKAMP,117090
332,Chris Stapleton,Starting Over,3K07bGe8iljQ3mOKArHLDo,69,4YLtscXsxbVgi031ovDDdh,240413
333,Roger Shah,Take Me Back (Mixed),3ewBEP0gF3Z2N0ygJBt08H,19,3dAnWbqTzCOK1jdiK2v3gI,106653
334,CORPSE,E-GIRLS ARE RUINING MY LIFE!,7bCfHiRcfUjG0YVVNUL7Ve,72,7yntSJ6uojO3z6GFUVwhAW,105176
335,Philippe El Sisi,The Phoenix (FSOE 650 Anthem) [Mixed],44RvSbN0KsreQP41JTnTda,20,35rhhznRPZslF98hw6EaMb,56053
336,Saucy Santana,Material Girl,6nQ1B216Liiydhgn2gar0o,73,2NfwGBr2swqZ1rzE3kAV23,188965
337,Workout Music ,Don't Start Now (Remix),1hvRlX91ePZGi8c5K4JdqL,17,5njMahLKD1tLJ5bejvqseV,270000
338,Lil Mosey,Blueberry Faygo,22LAwLoDA5b4AaGSkg6bKW,74,5zctI4wO9XSKS8XwcnqEHk,162546
339,HammerFall,Destined for Glory - 2020 Remix,3jHeocTSI7gz3RrRitffoi,20,2o18h28enlHxj887tATc58,312706
340,SAINt JHN,Roses - Imanbek Remix,0zLCBJZSiELJf02ucPP9wb,67,0H39MdGGX6dbnnQPt6NQkZ,176867
341,Markus Schulz,Sunrise Over The Bay (Mixed),5tIBKsbfJoMaYmTvszbgS7,18,6OO0PboZcIWUWL7j2IyeoL,87804
342,Machine Gun Kelly,forget me too (feat. Halsey),1VSuFS7PahCN3SWbOcQ98m,72,6TIYQ3jFPwQSRmorSezPxX,171620
343,Above & Beyond,Diving Out Of Love (Mixed),2a7WAcMrobuByUvHwCAFDV,19,10gzBoINW3cLJfZUka8Zoe,65491
344,Jhené Aiko,B.S. (feat. H.E.R.),63wx9vdskaXbYxyDx4oJCZ,70,5ZS223C6JyBfXasXxrRqOk,212866
345,Mark Sixma,Never Forgotten (Mixed),6FaYJGJprxFcEfgJWKX1S2,19,3ePCIHipMKD4n8IBXBYWSm,72813
346,Conan Gray,Wish You Were Sober,0kn2gu8Pd03DiYHzRvX2Xk,75,4Uc8Dsxct0oMqx0P6i60ea,168880
347,Armin van Buuren,Let The Music Guide You (ASOT 950 Anthem) [Mixed] - Beatsole Remix,5HluQkQ3fy3yXqoAvZFNcX,19,0SfsnGyD8FpIN4U4WCkBZ5,90093
348,Carly Pearce,I Hope You’re Happy Now,0Al3wN3keprGTSgG8NBwjr,69,4sIl4BTo9l9KqEi0Y3RE72,198688
349,Gareth Emery,You'll Be OK (Mixed),0WPH9dl0YaSn9tDhhUxCmX,19,0hprEC0nsWuQPSHag1O2Vi,89000
350,Briston Maroney,Freakin' Out On the Interstate,0awZwmlC6pxH65KTZpadmX,70,7vtSUU3zpHeYJfX6BPNrJd,251906
351,Ferry Corsten,Mo Chara (Mixed),3QJmLqrZKeUShtvtxshJQZ,18,2ohlvFf9PBsDELdRstPtlP,58179
352,Bad Bunny,Bichiyal,4j4w4CXm6BSr0s25wAWrrX,77,4q3ewBCX7sLwd24euuV69X,196500
353,ARTY,Who Am I (Mixed),1gVDOnfkdaPI6d6JkQUvNl,19,1rSGNXhhYuWoq9BEz5DZGO,41761
354,YoungBoy Never Broke Again,Right Foot Creep,6FiySur7YZL0Kff2YVGsEB,71,7wlFDEWiM5OoIAt8RSli8b,159085
355,James Dymond,What Have I Got To Lose (Mixed),1mJX0fmQYAX9anOR8UmGjR,18,65cUCIwyx5xtC5HoXh6eOs,106666
356,Kid Travis,Strawberry Skies,458EaCXcB9TRBoJEDVcdcr,72,6UWui6Csqc1ywqnDzjOWnk,165333
357,Ferry Corsten,Punk (Mixed) - Tom Staar Remix,4P9JXZOmZh8RENB3RGoubv,19,2ohlvFf9PBsDELdRstPtlP,45493
358,Lil Tecca,Out Of Love (feat. Internet Money),0IJA9KP6rT55jrP1YpTdhx,72,4Ga1P7PMIsmqEZqhYZQgDo,153626
359,Roman Messer,Dancing In The Dark (Mixed) - Alex M.O.R.P.H. Remix,2XasfevTT8oeReTshzt4Xv,19,25DnzR3jtrD8StkyyRCvHR,85333
360,The Kid LAROI,"F*CK YOU, GOODBYE (feat. Machine Gun Kelly)",0DYNL4xbYWgNzppUamtyR4,72,2tIP7SsRs7vjIcLrU85W8J,144860
361,The Cog is Dead,"Blood, Sweat and Tears (Remastered 2020)",4l2PsOfcoxznZYXR7QvnTc,11,5aLQtm6eoBgUhsbHvgAJPF,238915
362,Bee Gees,"More Than A Woman - From ""Saturday Night Fever"" Soundtrack",2cX2coZS1PYBfPs8wgbdWE,75,1LZEQNv7sE11VDY3SdxQeN,196213
363,Yotto,Another Riff For The Good Times - Mixed,0qvbTWuAHz8ZwqEGX6ONvF,19,5Dyfxq0ZrFjjeFBdSNxDbo,317168
364,Joel Corry,Head & Heart (feat. MNEK),6cx06DFPPHchuUAcTxznu9,80,6DgP9otnZw5z6daOntINxp,166028
365,Chinese New Year Collective,Qiu Hu Yue Yie,7MZjtQIzxaymQMTl5UGwJg,16,3t6UQvy19Zv6WEgeaXdbMp,105543
366,Doja Cat,Freak,3aA6xB0tOilDDX17fIJ0Bl,72,5cj0lLjcoR7YOSnhnX0Po5,284480
367,Paul van Dyk,Covered In Gold (Mixed) - PvD Extended Club Mix,1QKGzdXiBhbJ1IjmZw7YXT,18,7wU1naftD3lNq7rNsiDvOR,70946
368,Drake,Time Flies,5H4mXWKcicuLKDn4Jy0sK7,72,3TVXtAsR1Inumwj472S9r4,192931
369,Cosmic Gate,Your Mind (Mixed),0a0uD9J1NIr1Rjlr8m2mVR,18,6ySxYu68zTsO5ghsThpGtS,45013
370,Trey Lewis,Dicked Down in Dallas,1yhft6ZqYadd4GOrKrmK3a,68,15tTVhFpH8EFXeDgO9xkRO,201350
371,Ciaran McAuley,Our Journey (TFSFX Anthem) [Mixed],1mvvfNIPRree8SzeKwop8s,18,4tTgD3KLaNlHg2nxAgGaRi,42893
372,Pop Smoke,The Woo (feat. 50 Cent & Roddy Ricch),1H7KnK26kc1YyellpbINEn,74,0eDvMgVFoNV3TpwtrVCoTj,201600
373,Kasablanca,Alive (Mixed),38cYw4rSytP7hrS5MllyMK,18,297Z0teiCkp5s9eneWROpI,37853
374,Lil Durk,Still Trappin',1lw4FrPr3Y8R7Q1Mro2TMe,69,3hcs9uc56yIGFCSy9leWe7,172185
375,Armin van Buuren,This I Vow (Mixed),4Qj3qPRGxbHvs1hzHMJbEh,18,0SfsnGyD8FpIN4U4WCkBZ5,59413
376,Lil Eazzyy,Onna Come Up,0e4A9Fak1nJ7RtBD8YpoEo,72,0rpUnzu4JIoRkKkGvdcm7b,128014
377,Lifelike,Discopolis 2.0 (Mixed) - MEDUZA Remix,2HVK3XXyE5AvvwQ6bo0WYG,19,3sa5sqxJqYjDZhGxmo4Ko5,44986
378,SoFaygo,Knock Knock,6aHoPULNO7pSL2ZfUY0bU8,72,2SJhf6rTOU53g8yBdAjPby,139728
379,Brennan Heart,Born & Raised (feat. Enina) (Official I AM HARDSTYLE Anthem 2020),2keBgnJAWPBgQ3L2EzdysY,26,5QySqc6yAFDx9m7fedFZmC,236810
380,Bad Bunny,HACIENDO QUE ME AMAS,26QApq0cuO9brJigr0C0W4,78,4q3ewBCX7sLwd24euuV69X,217768
381,Aviino,London Love Letters,2WLAiZ1atVTqBgDNJq8aTi,11,6poGVkPdF42Kfchhw1cu0J,176124
382,El Fantasma,Cabrón y Vago - En Vivo,4nbWX2HzrOEnX4xxvYRCyU,75,0my6Pg4I28dVcZLSpAkqhv,142064
383,Ferry Corsten,Our Moon (Mixed),7A51eehZ4TdEpUcDI63M6H,18,2ohlvFf9PBsDELdRstPtlP,44440
384,Dreamer Isioma,Sensitive,0oHEteATZnAZuA9dl1dXF3,70,6u6AbTVrbabv27DLcSrF8i,174720
385,Armin van Buuren,The Voice (Mixed),0avB9GZipXo1OaxKMsmWqH,19,0SfsnGyD8FpIN4U4WCkBZ5,106666
386,Jack Harlow,"Whats Poppin (feat. DaBaby, Tory Lanez & Lil Wayne) [Remix] - Bonus Track",0ZLuW8uOXdFNWcI40C0OC2,71,2LIk90788K0zvyj2JJVwkJ,227478
387,HammerFall,Living In Victory - 2020 Remix,7ixFbsGitdabVULP5AwZYM,19,2o18h28enlHxj887tATc58,282365
388,Marshmello,Be Kind (with Halsey),3Z8FwOEN59mRMxDCtb8N0A,76,64KEffDW9EtZ1y2vBYgq8T,172761
389,The Cog is Dead,The Depths Below (Remastered 2020),0aaI5SaaLbNRpXgkmEiTz8,11,5aLQtm6eoBgUhsbHvgAJPF,169430
390,Juice WRLD,Blood On My Jeans,0fCwrjKfWxF3xQhZrYUw4T,70,4MCBfE4596Uoi2O4DtmEMz,154767
391,Al Stewart,On the Border - 2020 Remaster,5vK1XZzwb5gHIhbKiEbAJf,15,0DW7boyjvbaSP3OJ72sXgC,203706
392,Maddie & Tae,Die From A Broken Heart,3DA4SE262k6rdEtlHteNyq,68,34bhyY8jfKez7uKakMfy4y,188320
393,Florida Georgia Line,Lit This Year,2iKRHuowoeCtjsGe99ebdr,7,3b8QkneNDz4JHKKKlLgYZg,166024
394,Taylor Swift,willow,0lx2cLdOt3piJbcaXIV74f,76,06HL4z0CvFAxyc27GXpf02,214706
395,Bob Marley & The Wailers,"No Woman, No Cry - Live At The Rainbow Theatre, London / 4th June 1977 / Remastered 2020",255t2dDBiw8jIVQILhMjew,14,2QsynagSdAqZj3U9HgDzjD,419418
396,Polo G,Heartless (feat. Mustard),2iP3unJbxZvRuqyrS0ocZy,69,6AgTAQt8XS6jRWi4sX7w49,204000
397,Cool Vibes Jazz,New Year Resolutions,7xbTNPhSrwHRp2UEB7be3H,9,3RhLwOoQ9oGsO4UkkKk212,137149
398,Koe Wetzel,Drunk Driving,3ERb3f5nGNwRcNLNoN3KRg,67,1Tie3AZgLQZqYEp8Fv4zOZ,238211
399,Greg Sletteland,2020 (Sexy Miami Tech House Party Crossfit Workout Hits DJ Club Remix),4vta0vIJM7y57KH3O1lE6l,10,1UiwiBUiZQ4JkuSNnlSOmB,234330
400,SZA,Hit Different,7Bar1kLTmsRmH6FCKKMEyU,70,7tYKF4w9nC0nq9CsPZTHyP,202007
401,Frequencerz,Stay Loud - Official Decibel outdoor 2020 Tribute,5wEFFkxdXINZEwoEgkhZ0k,30,5cPNMq5lKAoAKyv5kdpz9s,291749
402,Playboi Carti,Stop Breathing,2lLG56qpLP3UbcLuzMvkWX,70,699OTQXzgjhIYAHMy9RyPD,218943
403,Sugi.wa,After Dark,7GROhdwyts8vjPdOnU10gT,12,0XUBVuE1odesNug0oKt9Me,165755
404,Marca MP,Recuerda,2BaBwcllqDMkoD9184xOxP,70,44mEtidu0VdRkIqO4IbkNa,150413
405,Davey Asprey,Oblivion (Mixed),0ouOsV3aLbdVBJwcLFXEhF,18,7luLRXGBygBN8vUO8T9uHf,56893
406,Michael Ray,Whiskey And Rain,1tf4Bfk8JIKryLpWYRvyiI,67,6ghiFYcwn2Vzl6K50U0UPz,206506
407,Dj T.H.,Leonie (Mixed) - Beatsole Remix,58sdvF8byaqP0DZ3D6IN3M,17,4ulezsrIi1ZZ4uUx1QqasZ,71080
408,NLE Choppa,Walk Em Down (feat. Roddy Ricch),1Z0cZI0UzNbP9L8MzzGxqf,70,0ErzCpIMyLcjPiwT4elrtZ,173288
409,ReOrder,We Are The World (Mixed),7LELhHGoqG68qCtBy7cXYE,18,6wfno0FdSaJa3DHHBuY1jy,85360
410,KillBunk,Chanel Bag,4d16JADh71pTeqx0vlHL69,73,7FGjkq9WfrRmBFL64ST0p9,158667
411,Paul van Dyk,Awakening (Mixed),766pq0s5zRNShU2yTmnGGo,17,7wU1naftD3lNq7rNsiDvOR,70653
412,Megan Thee Stallion,Cry Baby (feat. DaBaby),4aarlAfLKVCTxUDNgbwhjH,69,181bsRPaVXVlUKXrxwZfHK,137983
413,Ciaran McAuley,Daring To Love (Mixed),5xkBuxk7FmxNCkwzsGqXC6,18,4tTgD3KLaNlHg2nxAgGaRi,85333
414,The Weeknd,In Your Eyes,7szuecWAPwGoV1e5vGu8tl,77,1Xyo4u8uXC1ZmMpatF05PJ,237520
415,Alessandra Roncone,What Makes You Feel Alive (Mixed),4QtlPS8UuKkBaATUVVn15a,18,7tGyfFJ7b1VYAeQISUoz6p,56053
416,Lee Brice,One Of Them Girls,6uyiyatWPCqC59Mm4rO8xL,68,5Zq7R5qmi58ByYyBQTlNuk,188893
417,Ilan Bluestone,Hypnotized (Mixed),5ajOEE54ZCxW01j1jIsi9u,17,1yoZuH2j43vVSWsOwYuQyn,92440
418,Billie Eilish,Therefore I Am,54bFM56PmE4YLRnqpW6Tha,74,6qqNVTkY8uBg9cP3Jd7DAH,174321
419,Robbie Seed,My Remedy (Mixed),6sJtKzKSvGCzjO6Ror5aPL,17,6jbM9dszTY66L2Q7E1U0ll,113786
420,Bee Gees,Stayin Alive,5ubvP9oKmxLUVq506fgLhk,76,1LZEQNv7sE11VDY3SdxQeN,285373
421,Jase Thirlwall,Drowning (Mixed),1TXAEjWLLFR6XOsYWDAIG5,17,2mFhVrCr4wIMlOeoydAe2u,85360
422,Polo G,I Know,40j4RoqmLiivqzRObbQ4BF,70,6AgTAQt8XS6jRWi4sX7w49,176574
423,meija,New Years 2020,6O8AI2tOKLKQ6C3Emm2KAL,5,5Uc38SFcTd4bzDk3hhvRu1,187800
424,Bad Bunny,Vete,2n7ohqg1s68ToAHh4u9mcW,74,4q3ewBCX7sLwd24euuV69X,192024
425,Armin van Buuren,A State Of Trance Year Mix 2020 (Mixed) - Road To 1000 - Outro,20SVXjKX2ieAWba04Y1ogp,11,0SfsnGyD8FpIN4U4WCkBZ5,61240
426,Juice WRLD,Man Of The Year,7AvprzMsRJpybaalckaT8c,70,4MCBfE4596Uoi2O4DtmEMz,136408
427,Hard Men Working Hard,E-Girls get the Bullet,73wGdmRY1dPNWQx2YqpUeh,11,1hoEcGDMtO6zhujNn7RRUu,220666
428,WizKid,Essence (feat. Tems),5FG7Tl93LdH117jEKYl3Cm,73,3tVQdUvClmAT7URs9V3rsp,248040
429,Cristoph,Big H 2020 - Mixed,45Bq5hF3GurkNB9tzpibza,12,532SqCIYmJyXEdEiCJLgYG,369041
430,Stellar,Ashes,3Pj6u2KTgepyyidp5xfbHp,74,5yw4tA8D5uG7tT3NaDvq10,166355
431,Factor B,Bravo (Mixed),0KotSXVYLp98BWAEiWooSi,16,4OUavLWUepaSy6MNjkNS3g,42666
432,Ava Max,My Head & My Heart,1KixkQVDUHggZMU9dUobgm,78,4npEfmQ6YuiwW1GpUmaq3F,174760
433,Andrew Rayel,Never Going Down (Mixed) - Richard Durand Remix,7yfj980SINhVpTBiQjOh9Y,17,1UtBjqMZBAmqIPlDrKu7Tr,78666
434,Juice WRLD,Reminds Me Of You,5YSHygGN9D0mID1NsVd5my,71,4MCBfE4596Uoi2O4DtmEMz,158032
435,Aly & Fila,Wasteland (with James Dymond) [Mixed],5pjLKxr5RlnLI870TzeOCy,17,2hL1EouqXLtBEB6JKnPF0h,85377
436,Halsey,Without Me,6FZDfxM3a3UCqtzo5pxSLZ,76,26VFTg2z8YR0cCuwLzESi2,201660
437,HALIENE,Walk Through Walls (Mixed) - Markus Schulz Remix,5Tuo7Zc8r8ITLMwKzTOmVu,16,1sKIizVYeHkGy7Tjmn9QRj,84720
438,The Weeknd,Save Your Tears (Remix) (with Ariana Grande) - Bonus Track,1oFAF1hdPOickyHgbuRjyX,77,1Xyo4u8uXC1ZmMpatF05PJ,191013
439,Matys,Silent Waves (Mixed) - Vinny DeGeorge Remix,2tFVmk5lGliEqfULF9zPKG,16,3pwGmUu3cPz8EXOryXbe9S,71106
440,Bad Bunny,TE DESEO LO MEJOR,23XjN1s3DZC8Q9ZwuorYY4,76,4q3ewBCX7sLwd24euuV69X,139576
441,Jorn Van Deynhoven,I Need Your Lovin' (Like The Sunshine) [Mixed],7wQDhSajsL9AqyWHDEvA1P,17,6NuXlqTU1RF0aIoyD46z5v,110240
442,Jack Harlow,Luv Is Dro (feat. Static Major & Bryson Tiller),0LcsvJQSFIQo3RjNhPcYqT,70,2LIk90788K0zvyj2JJVwkJ,177190
443,Craig Connelly,All For Love (Mixed) - Giuseppe Ottaviani Remix,09wxSxAi0WlO4z1MSQ4kmu,17,78UUH1buA0gDtDnkX2dPgL,78213
444,Machine Gun Kelly,bloody valentine,6mADjHs6FXdroPzEGW6KVJ,72,6TIYQ3jFPwQSRmorSezPxX,205158
445,Al Stewart,Lord Grenville - 2020 Remaster,5ShnluQjkMkVJ18MFpJKrf,11,0DW7boyjvbaSP3OJ72sXgC,304160
446,Brent Faiyaz,Fuck The World (Summer in London),2CzUlaKN1mvb0szagSR3ux,69,3tlXnStJ1fFhdScmQeLpuG,236703
447,TobyMac,21 Years,4dxTzRlAhUt8Fxvt0lKfyo,6,5VX8hxrcfJWwaTLiqGUHG3,243000
448,Juice WRLD,Life's A Mess (feat. Halsey),5wWAwzGp2OaaoIkwcz6wZs,71,4MCBfE4596Uoi2O4DtmEMz,202193
449,Big Maus,2020 Was a Year for Me,7CkT5EkMWI1MVaRVAMA468,6,6JUYLFlVtRxKDjHGhcUir7,56827
450,All Time Low,Monsters (feat. blackbear),0tyR7Bu9P086aWBFZ4QJoo,70,46gyXjRIvN1NL1eCB8GBxo,174067
451,Leavv,What Was Before,3E2PPVkf1cvEqaX7p5Qak2,12,7sNw4pNLLJNGrU62O80WGE,154000
452,Taylor Swift,the 1,0Jlcvv8IykzHaSmj49uNW8,72,06HL4z0CvFAxyc27GXpf02,210251
453,Dye51\50,2020 Is Our Year...... Ahhh Fukk,1UpODh2VquSDeC4VNpJBrx,4,5OwpWMBMc42SApMxEXoe0p,190714
454,Dominic Fike,Why,1xLs8Mu1QEVbGCpyHQ2r2U,70,6USv9qhCn6zfxlBQIYJ9qs,139906
455,October,Take You There - 2020 Remastered,4YwtnvMVlBWPmxXBfrLqKu,7,1AkzuxRsDDcPQURcUARdlq,208361
456,Lil Darkie,i can see clearly,0hTenOns6LBffrOtLg3rMe,68,62F9BiUmjqeXbBztCwiX1U,193548
457,HammerFall,Always Will Be - 2020 Remix,23iw1hSrTGnpFsBoiO8H9V,20,2o18h28enlHxj887tATc58,289053
458,Lil Baby,Sum 2 Prove,5f4Hy5mw5SRaUgXX9c6P5S,68,5f7VJjfbwm532GiveGC0ZK,205760
459,Cubicolor,Wake Me Up - Tale Of Us Remix (Mixed),4wLEnzru5f9Dmgswvn47Zz,16,4nMIbZxtt1kWqUZ8VNKvjU,312184
460,Tim McGraw,7500 OBO,7A4WmJcWx6KrVRfQ2CP8e7,67,6roFdX1y5BYSbp60OTJWMd,221400
461,Rezident,Pure - Mixed,421ZVZqF2Ct7R5MqsJX3J8,14,0hzZTaZ59eR5lESXHRVgkc,220574
462,347aidan,Dancing in My Room,6Pgmqg15yVexuOgtzuxwoX,74,0bBz5bRBkExaej2HxtVfCw,180138
463,Hard Men Working Hard,Chinavirus,4t6vVyRYAxwBsbCPnGGaT1,9,1hoEcGDMtO6zhujNn7RRUu,420000
464,Yung Bleu,You’re Mines Still (feat. Drake),7E2C5rBLpCKwQlhJPVFBRS,70,3KNIG74xSTc3dj0TRy7pGX,226220
465,Kazuhito Murata,一本の音楽 - 2020 Remaster,5iFkWXTQadweNDIl6U3xMT,22,1YAn7piNSpMgdC8inGcOLd,243480
466,The Neighbourhood,Pretty Boy,7IL8PSVwLOJxqYne6azxQv,72,77SW9BnxLY8rJ0RciFqkHh,234093
467,Giuseppe Ottaviani,Till We Meet Again (Mixed),6ScyathLctdgNtqrHFpJ25,15,5B9q1NRokzWYB7nSgnlHyv,70613
468,Key Glock,Word on the Streets,3jhStgnHgwPGaSyhdHuT1Z,67,0RESbWvOMyua0yuyVrztJ5,207600
469,Aly & Fila,Somebody Loves You (Mixed),3X0Z0bewbCs8FYry04379l,15,2hL1EouqXLtBEB6JKnPF0h,82280
470,Sleepy Hallow,Molly,3m49rgJQUz5GU07RWjf5SH,69,6EPlBSH2RSiettczlz7ihV,164562
471,Giuseppe Ottaviani,I Believe (Mixed),3aVHcynJPIdHMWdpOCd1a7,16,5B9q1NRokzWYB7nSgnlHyv,70573
472,Lil Uzi Vert,Yessirskiii,59JWp4PjZ9TRM8cmtaDYB1,68,4O15NlyKLIASxsJ0PrXPfz,219340
473,Graham Bell,The Sound Of Letting Go (Tribute To Yotam) [Mixed],0a2hPYweMJBKCByEHjZN94,15,2hb8TTJ9ti4jl8sMasI3Dv,90653
474,21 Savage,Glock In My Lap,6pcywuOeGGWeOQzdUyti6k,69,1URnnhqYAYcrqrcwql10ft,193591
475,Craig Connelly,Time Machine (Mixed),0MbIwfFvlLpK2yW6w3kmbd,16,78UUH1buA0gDtDnkX2dPgL,49675
476,Bad Bunny,BOOKER T,26w9NTiE9NGjW1ZvIOd1So,77,4q3ewBCX7sLwd24euuV69X,156430
477,Ashley Wallbridge,Still Alive (Mixed),3DCkBByBVmERY3u26Ewy85,15,4hNpdlfPY7R51u4FEkBxJG,83453
478,Miley Cyrus,Prisoner (feat. Dua Lipa),2Oycxb8QbPkpHTo8ZrmG0B,78,5YGY8feqx7naU7z4HrwZM6,169333
479,Andrew Rayel,Stars Collide (Mixed),5EIfMp3WDoGn5SL8fF8NUF,16,1UtBjqMZBAmqIPlDrKu7Tr,98813
480,SyKo,#BrooklynBloodPop!,7K9Z3yFNNLv5kwTjQYGjnu,75,08ZqXO40nMrhBoGma4kls2,145610
481,Nicholas Gunn,Fallen (Mixed) - Richard Durand Remix,3dxWdu9XWJcK81XnU8m4CS,15,54EYfCxN1dGJKec029vO7S,104346
482,Bad Bunny,ANTES QUE SE ACABE,7kjEqI6eZ7YlFrGhxixnlN,76,4q3ewBCX7sLwd24euuV69X,221186
483,Allen Watts,Skyline (Mixed),4H5sKoc66EzGdJ4LG1cx1f,15,04FzGJxkYQ7zIRoCLQzLqR,48693
484,Water Sound Natural White Noise,Deep Sleep Recovery Noise,5pGBDKBaR63vuJ4g8ialcU,71,79Xztd6s33dW9S4V0f4NsQ,63000
485,Elevven,One Last Time (Mixed) - Roman Messer Remix,2MwIeH57FmdRIoyxBczng0,16,1x72oeaWJ5kdXMXZoq0Icu,98826
486,DJ Khaled,POPSTAR (feat. Drake),6EDO9iiTtwNv6waLwa1UUq,73,0QHgL1lAIqAw0HtD7YldmP,200221
487,015B,Awake But Dreaming,3m8Q6wuTzcOlSUONZfvIL8,14,4uU7KfTjcjyKUGWSaTzLu7,203270
488,Juice WRLD,Smile (with The Weeknd),6wQlQrTY5mVS8EGaFZVwVF,71,4MCBfE4596Uoi2O4DtmEMz,196180
489,Nymano,False Hope,4HZ8NCMWAY45EwzGaihqN5,10,3BoSEarTgKiw8sHE0ixJNK,164000
490,Russ,BEST ON EARTH (feat. BIA) - Bonus,0xKBkLcF71uUQeTA7FSu4A,69,1z7b1Pr1rSlvWRzsW3HOrS,160720
491,The Field Tapes,Through Trees,0metDT80ZWkezmprVEhtSU,9,4LeF3SUf7hytyGQJoLJbym,136992
492,Halsey,You should be sad,7lidXGPXPYLNThITAOTlkK,72,26VFTg2z8YR0cCuwLzESi2,205473
493,Middle School,Casual,6TCjDj58R7IG3N4ahkeqEa,9,6AjXxPL8C44rc1yJdi6RZB,174596
494,The Weeknd,After Hours,2p8IUWQDrpjuFltbdgLOag,74,1Xyo4u8uXC1ZmMpatF05PJ,361026
495,Moon Boots,Tied Up - Kenny Dope Remix (Mixed),0yLcHTqnrU2v8l0Tx3aSTy,13,3cIXmCH7iNcslTbwrwS7zy,428197
496,Brent Faiyaz,Rehab (Winter In Paris),0zWbYGQq5O1KQd0iqzgjP6,68,3tlXnStJ1fFhdScmQeLpuG,180303
497,Saltwater,The Legacy (Mixed) - ReOrder Remix,11PeddJQPo4ER4yRyBc5Ow,14,1deSNOUsEu3XFsMK59b6gX,42312
498,Lil Baby,Sum 2 Prove,2u3EyuCqqV31woqGvO9LBz,69,5f7VJjfbwm532GiveGC0ZK,205760
499,David Forbes,Splice (Mixed),50ZLhEMiYXIkqWuKU24hmg,15,3kwdB3aUfg0uneHczX2vTG,82306
500,carolesdaughter,Violent,7CFfqRW50ffULvBv7lfIIg,71,2hiq2iBnUik3mrOfEgRSpB,135877
501,Ruben de Ronde,Wanderlust (Mixed) - Eugenio Tokarev Remix,6D7vBlmjLq1oMqSqqc43wp,15,3q7BRw9D1DupXTONJdr94m,83480
502,Thundercat,Funny Thing,1c5CllrZr45UBhWpIqM332,70,4frXpPxQQZwbCu3eTGnZEw,116630
503,Allen Watts,Another You (Mixed),04PsH83LNB46Oo33hzPvtv,15,04FzGJxkYQ7zIRoCLQzLqR,111306
504,BLACKPINK,How You Like That,4SFknyjLcyTLJFPKD2m96o,75,41MozSoPIsD1dJM0CLPjZF,182956
505,Giuseppe Ottaviani,Only A Heartbeat Away (Mixed),27P3PBXUrWdTguESA9yytx,14,5B9q1NRokzWYB7nSgnlHyv,36360
506,DJ Scheme,Blue Bills (feat. $NOT & Fenix Flexin),2ODUTBkiOWoYSUjKpGJxQE,69,1m7LSAMIB1BErIHYSOn32W,100266
507,Giuseppe Ottaviani,Morpheus (Mixed),5nJ7YU7dQYiCHGHgqRrRUz,14,5B9q1NRokzWYB7nSgnlHyv,41743
508,Justin Bieber,Holy (feat. Chance The Rapper),5u1n1kITHCxxp8twBcZxWy,74,1uNFoZAHBGtllmzznpCI3s,212093
509,Will Atkinson,Telescope (Mixed),0hWYf0EUwzEH9RY8sji6hr,15,5FXLHhKgStv36wfwXMhTWt,41746
510,Junior H,Mente Positiva,3WQilym5Vi4ypxb70vx0eY,73,7Gi6gjaWy3DxyilpF1a8Is,192390
511,Simon Patterson,Close My Eyes (Mixed),45urCkpNGy4NOMo3pswqUX,16,3QxbGzjZc3kgHNJOBOZM2M,41771
512,Sheff G,Weight On Me,6A4hgJdwriera4WSUl4moW,70,1tG7s7S4sq2eFFW0QZyLbm,157619
513,Jorn Van Deynhoven,Waiting On The Other Side (Mixed) - Club Mix,37Cfvau7AJ3Aj7H3zsX6qo,15,6NuXlqTU1RF0aIoyD46z5v,105333
514,MisterWives,SUPERBLOOM,2HvtedoEeymVWrBPyAMNwZ,69,5ivCbtrcD5N4rD337xIb2z,213546
515,Allen Watts,The Phuture (Mixed),2Nqf15P2TPMg8vSEFQwsb4,15,04FzGJxkYQ7zIRoCLQzLqR,55440
516,Eve,Kaikai Kitan,6y4GYuZszeXNOXuBFsJlos,74,58oPVy7oihAEXE0Ott6JOf,221426
517,Ronski Speed,Downfall (Mixed),5GvsLHMdRwwdkE1gw19eWN,15,3cOY6XMFQ12Q0D6Xif7BZh,54880
518,Playboi Carti,Rockstar Made,3cWmqvMwVQKDigWLSZ3w9h,70,699OTQXzgjhIYAHMy9RyPD,193574
519,The Cog is Dead,Loverboy (Remastered 2020),7EjL6vahiFxgED3T1tg5Nh,8,5aLQtm6eoBgUhsbHvgAJPF,117080
520,Lady Gaga,Rain On Me (with Ariana Grande),7ju97lgwC2rKQ6wwsf9no9,75,1HY2Jd0NmPuamShAr6KMms,182200
521,Andrew Gold,Lonely Boy - 2020 Remaster,11UjUHzsWmHc7YdNtnwaeT,9,5fmvGUlMVgmnCn45f1he7d,266173
522,The Kid LAROI,Diva (feat. Lil Tecca),7gVwgc8b3XnO87TpmXXFA5,70,2tIP7SsRs7vjIcLrU85W8J,172004
523,Gregorian,20 Years,2vAzSKotniKx3FniCr37dj,13,5QO1NNCLglKxgogzx6XLJn,248240
524,Ingrid Andress,More Hearts Than Mine,60RFlt48hm0l4Fu0JoccOl,67,0jPnVIasXzBYjrlpO5irii,214786
525,Al Stewart,Broadway Hotel - 2020 Remaster,3mOoYmxYgtfuMxbcwFNq2Y,8,0DW7boyjvbaSP3OJ72sXgC,239453
526,Billie Eilish,No Time To Die,73SpzrcaHk0RQPFP73vqVR,76,6qqNVTkY8uBg9cP3Jd7DAH,242265
527,HammerFall,Raise the Hammer - 2020 Remix,4NcyaRKRP19wrrBZU0LUC3,18,2o18h28enlHxj887tATc58,205821
528,Rod Wave,Girl Of My Dreams,09YHm6IkdZko28KdEbXtPb,66,45TgXXqMDdF8BkjA83OM7z,159733
529,015B,Seven Breeze,37x8vGUuVvQHmVDoabtO8R,14,4uU7KfTjcjyKUGWSaTzLu7,220693
530,Chris Young,Famous Friends,4iXDn9pu5Q9sxv45vE8Lak,67,4BYxqVkZyFjtik7crYLg5Q,165569
531,RandomBeats,Year In Gaming 2020,4IBRml6kr1Hz7Y6pewiA7T,3,73VO0ncAlT1yAWhpzVQlOy,213000
532,Justin Bieber,Intentions (feat. Quavo),4umIPjkehX1r7uhmGvXiSV,74,1uNFoZAHBGtllmzznpCI3s,212866
533,Sleepy Fish,Backyard Puddles,3qM0FihhHgdzhIWAxavBJV,9,1IJe80moz409PtxW4llPFw,190919
534,Yandel,CANCIÓN CON YANDEL,3pm4XtcsRIFFtH2UErk62R,75,0eHQ9o50hj6ZDNBt6Ys1sD,209180
535,Mama Aiuto,All In Good Spirit,5ualKgiogCUft7EQt5mtNm,9,1PSOEqcIZLUk8nkWH2rr9x,110809
536,Future,Life Is Good (feat. Drake),1K5KBOgreBi5fkEHvg5ap3,71,1RyvyyTE3xzB2ZywiAwp0i,237918
537,Tinlicker,Children (Year in Review 2020),07GL1YxvvKZLtVn3JYkLSz,14,5EmEZjq8eHEC6qFnT63Lza,205407
538,BTS,Life Goes On,5FVbvttjEvQ8r2BgUcJgNg,78,3Nrfpe0tUJi4K4DXYWgMUX,207481
539,Jon Gurd,Lion - Mixed,0Qrm0M5RGAdZWEiVxG7MHS,13,2Nd5J1iedlzuNp32YYNuAl,288416
540,Juice WRLD,Up Up And Away,7pbg3ABlAZv2NiIdKbBBFm,69,4MCBfE4596Uoi2O4DtmEMz,147547
541,Kidnap,Silence - Mixed,0EaUUoDOUlhGBJsHO1P8rt,13,3PvqCbhNlq96JXxPszCMZT,244320
542,Lil Uzi Vert,P2,3kW4z2pIj5VY5fLjBrMRL5,69,4O15NlyKLIASxsJ0PrXPfz,234626
543,Kahwe,This World - Mixed,4BMhNY5LXii4VsiW2J5vKs,12,4i6O5ItO9KpEqWPlOInVpC,295513
544,Forest Blakk,If You Love Her,727Z2S2mtNH46CbP9EWPwY,72,7q7IUe2AqtifSZ2q52kHFc,217351
545,Nox Vahn,Come Together - Matthias Meyer Remix (Mixed),50nY3eAHPV74Nj1zyl0uzM,12,2bqGPuC8kDCTLWieGOyWxu,391333
546,H.E.R.,"Slide (Remix) (feat. Pop Smoke, A Boogie Wit da Hoodie & Chris Brown) (feat. Pop Smoke)",6MO2bfLHKykUgCChFdw91H,71,3Y7RZ31TRPVadSFVy1o8os,296011
547,Johann Strauss I,"Radetzky-Marsch, Op. 228",2TPiVQ1dcV5DWloRkyQCng,17,4WMHJgeJCssiGW3ssUT7eb,235332
548,Kelsea Ballerini,half of my hometown (feat. Kenny Chesney),1yRke3PmsyFrYlFZOAkABk,67,3RqBeV12Tt7A8xH3zBDDUF,231832
549,Chicane,Don't Give Up (Mixed) - Giuseppe Ottaviani Remix,3klyFzvCwEdRCtXdMU8Hjg,14,5GxyeQagayzZOg4UwffQlD,62812
550,YoungBoy Never Broke Again,Kacey Talk,1SF8piqsZWn86DajVKih8F,67,7wlFDEWiM5OoIAt8RSli8b,151248
551,Hard Men Working Hard,Feeding Time,5SXK34SNVExFUgVHYBBkJ5,8,1hoEcGDMtO6zhujNn7RRUu,262956
552,Lil Baby,Emotionally Scarred,7ge7BHazYbVKi8qyZUX1Bm,69,5f7VJjfbwm532GiveGC0ZK,197529
553,Junko Yagami,1984 (西暦2000年に向けて) - 2020 Remaster,3GnDDvivatntizhcqq8Kvk,8,6ooFYQBSq3sFEipwHfw5gr,321333
554,Jimmie Allen,Freedom Was A Highway,3J5jotqUAjU479WhAiNkpU,67,147nKr9upHZSSxqCzh9j7c,212720
555,Workout Music ,Circles (Remix),6icA7L3zrvdEzshYy3lFkg,12,5njMahLKD1tLJ5bejvqseV,255000
556,Joyner Lucas,Isis (feat. Logic),4h7qcXBtaOJnmrapxoWxGf,70,6C1ohJrd5VydigQtaGy5Wa,236501
557,Aurosonic,Nothing Lasts (Mixed) - Progressive Mix,7IoN17iufwxAjLSMr08cpS,16,1UkK91RiLw3FonVedbAVA1,405986
558,The Kid LAROI,ALWAYS DO,3QCU8BT0zDS9LPVfEhRFEE,70,2tIP7SsRs7vjIcLrU85W8J,151704
559,Ezzy,ny90,6Ynt8deU59F0BcJliiOY3H,8,1GUjxtOEHWzcLju2zUw0Pu,133000
560,Little Big Town,"Wine, Beer, Whiskey",5avVDmK9FVJpd3MDO8I3Zl,66,3CygdxquGHurS7f9LjNLkv,196160
561,Toonorth,Far From Home,02GnHEcLnYUg7zoo82MBqt,8,5cnRXRa8otbppSiXvfdmo3,229161
562,Lil Baby,Grace (feat. 42 Dugg),01JMnRUs2YOK6DDpdQASGY,66,5f7VJjfbwm532GiveGC0ZK,203438
563,Nymano,Sleepover,6eW9jhRDg1EcCQNQYJ2fFf,8,3BoSEarTgKiw8sHE0ixJNK,105874
564,Rod Wave,The Greatest,0EVG3d1RVbJjYh43fQDcR9,66,45TgXXqMDdF8BkjA83OM7z,168586
565,Swørn,Keep Going,5wxxsUijre15T715mScE7i,8,4iyFpbbfjNvfLQPx82OrYc,150336
566,iann dior,Sick and Tired (ft. Machine Gun Kelly and Travis Barker),0DILU9jjSTnCv1dcbUH3ib,70,6ASri4ePR7RlsvIQgWPJpS,144000
567,The Field Tapes,Cloud Carpets,4VDi31bfTUzqP42vrdWlT6,8,4LeF3SUf7hytyGQJoLJbym,149479
568,Cat Burns,Go,4VtRHZ4tBDHaWltVAytlLY,80,6WFDpw4u23uSpon4BHvFRn,215000
569,3LAU,Tokyo (feat. XIRA) - Seven Lions Remix (Mixed),0ZBhzomDdpniChHMS0AbzW,7,4YLQaW1UU3mrVetC8gNkg5,182857
570,Junior H,1004 Kilómetros,0pt0wjZNeFOMIeCudmXRrl,71,7Gi6gjaWy3DxyilpF1a8Is,277167
571,ALPHA 9,All That I Can - Mixed,3ZRZk4o9jSTiyXlREKF7Qx,11,6ckI88Ggj8DPe0TNAAVkjn,228332
572,Lauv,i'm so tired...,4vjpLMyL3ZO6aphdYr8XYw,75,5JZ7CnR6gTvEMKX4g70Amv,162586
573,Tinlicker,Blackbirds - Mixed,2RVCOhslHSOQRNXqcbbEHh,10,5EmEZjq8eHEC6qFnT63Lza,343401
574,Sam Hunt,Breaking Up Was Easy In The 90's,4sf2L157iEgAR7yrCNLgSq,67,2kucQ9jQwuD8jWdtR9Ef38,215933
575,Ben Böhmer,Phases - Mixed,71XJL5aSkOkRZYuORRfOcp,12,5tDjiBYUsTqzd0RkTZxK7u,247500
576,Sean Kingston,Eenie Meenie,45O0tUN9Bh6LH4eNxQ07AT,65,6S0dmVVn4udvppDhZIWxCr,201653
577,Jody Wisternoff,Nightwhisper - Mixed,1iBlKTBMVDAO7XA1yFCUXe,11,5gTVJRQmuS88nOhhdHqErL,367000
578,Morgan Wallen,Still Goin Down,096YtKWNRXdmYKFLelSBto,66,4oUHIQIBe0LHzYfvXNW4QM,186293
579,Kasper Koman,The Blind Navigator - Mixed,0L1vgwngUkU4OKvWDwKe2j,11,2fjKKBOOCTqkDTRC7wH6dO,314590
580,Dua Lipa,Break My Heart,017PF4Q3l4DBUiWoXk4OWT,77,6M2wZ9GZgrQXHCFfjv46we,221820
581,Edu Imbernon,Rinascimento - Mixed,1JJPm5FN0iHmQaW1m4rmVZ,12,0Vr0xxcbllx4JWHHxio088,328008
582,Moneybagg Yo,Me Vs Me,1lUTmmPMAsxZBR2iK9CKDF,66,3tJoFztHeIJkJWMrx0td2f,183318
583,Daisha McBride,2020 Interlude,6eUeb2ffg2i2p1Fqz2ogv1,5,3gTb0Vm6wFbRFVTAhDTgId,122535
584,Eslabon Armado,Ando Más Que Mal,2uVW9s3bC14wp15d3Ma6EO,68,0XeEobZplHxzM9QzFQWLiR,307375
585,Ryuji Imaichi,THROWBACK,0nHaxQssK5DZm8R17Ri7Fh,12,70OLJdY31J0j1JgNcLsvSc,188506
586,HARDY,ONE BEER (feat. Lauren Alaina & Devin Dawson),5Y05LYM8LhnQN78GqfjSeK,66,5QNm7E7RU2m64l6Gliu8Oy,173173
587,Ryuji Imaichi,TUXEDO,160b977j7CQr9Sc6W9HjEv,13,70OLJdY31J0j1JgNcLsvSc,175400
588,$NOT,Moon & Stars (feat. Maggie Lindemann),3oGbHF3Kdwf3AsRCbBjUxu,68,5IbEL2xjRtKsunfmsahLuO,187586
589,Ryuji Imaichi,Kiss & Tell,00wxLKIhvqr3D1HEIVfmiE,13,70OLJdY31J0j1JgNcLsvSc,207066
590,Sir Chloe,Michelle,48rZVgAGm0OlbbxjikCpqm,71,6rniTPs9zN26kYnkPdFl1U,214087
591,Ryuji Imaichi,Catch my Light,5O1PunXKzWDDoXbc0jAi7M,13,70OLJdY31J0j1JgNcLsvSc,220626
592,Taylor Swift,my tears ricochet,1MgV7FIyNxIG7WzMRJV5HC,71,06HL4z0CvFAxyc27GXpf02,255893
593,Ryuji Imaichi,ZONE OF GOLD,4SWOOyG7mt9pRh7qMdCnaE,13,70OLJdY31J0j1JgNcLsvSc,195440
594,Aidan Bissett,More Than Friends,1Ph96WpdjNlwD6iKRE2Xa3,68,4XQI4hyuy5xun1ou3SM8Oe,183012
595,Ryuji Imaichi,Diamond Dance,0bWmIbmXb5U1hHFYpbcKPR,13,70OLJdY31J0j1JgNcLsvSc,237600
596,Lil Uzi Vert,Silly Watch,5egD7A5x9AHdVO2fMo3Wbo,67,4O15NlyKLIASxsJ0PrXPfz,195692
597,Greg Sletteland,I Have a Dream (Deep House Dance Party Remix),1QD7KtRE3D1IUHhPsSRpz5,8,1UiwiBUiZQ4JkuSNnlSOmB,141640
598,Jelly Roll,Save Me,1rnYNAJPAb586NhetosdNW,66,19k8AgwwTSxeaxkOuCQEJs,240722
599,Junko Yagami,チーター - 2020 Remaster,4KYvsaQ6lBFwI3V5BMVd54,7,6ooFYQBSq3sFEipwHfw5gr,218240
600,Summer Walker,White Tee (with NO1-NOAH),5m0eMnsWwzgGsUxe1mhFYR,72,57LYzLEk2LcFghVwuWbcuS,211373
601,October,Cavatina - 2020 Remastered,26D4YPZhn6NogmM0fPzSLG,6,1AkzuxRsDDcPQURcUARdlq,270295
602,BTS,Filter,4bZZVcgWWMWPBwzTTp642w,77,3Nrfpe0tUJi4K4DXYWgMUX,180220
603,October,Recollection - 2020 Remastered,3JbvlsNATp0LA3Cb4S4Dac,6,1AkzuxRsDDcPQURcUARdlq,190491
604,Jawsh 685,Savage Love (Laxed - Siren Beat),1xQ6trAsedVPCdbtDAmk0c,77,56mfhUDKa1vec6rSLZV5Eg,171374
605,Sophie Zelmani,I Am The Rain,0b4SzuQsJdmVgBMDVdGSIA,23,59hh4MU8JBy0tvPlhz5fzk,212413
606,Lil Baby,The Bigger Picture,44gRhRi2OhEf7moAUj6MD1,67,5f7VJjfbwm532GiveGC0ZK,252728
607,Celebration Guns,Something About Hindsight in 2020,0uXFFKdPlR4WLr5D83q3ZT,3,28zgg4dAkcK0jXZdxiLjVu,164280
608,Sech,Relación - Remix,35UUpTmrcFXNIVIN26ujXl,76,77ziqFxp5gaInVrF2lj4ht,247308
609,Greg Sletteland,The Sign (NYC Deep House Party Crossfit Workout Hits DJ Club Remix),2P3MdLsPyIANfRHmG399O4,7,1UiwiBUiZQ4JkuSNnlSOmB,204590
610,Nivel Codiciado,Adueñarme,4zneNpRMfRSdhsFTZbYZLN,68,5aHKxMwIrPVwy4m6FTOiXK,183762
611,Greg Sletteland,Reach in the Sky DJ (Favorite Progressive House EDM Crossfit Workout Hits DJ Club Remix),5O9ldsFiyUQHgGblXNb9tT,5,1UiwiBUiZQ4JkuSNnlSOmB,225000
612,Lil God Dan,MARCELINE,17zEBtrjKKa2hwk9CxWIkX,71,20kAERGCnqfyGydzop8bfg,155054
613,The Cog is Dead,Mechanical Menagerie (Remastered 2020),28z0GIPDseYWLdwp6wKOJ6,6,5aLQtm6eoBgUhsbHvgAJPF,161854
614,ElyOtto,SugarCrash!,2ePtv8MlBO9nuuXABqAfEX,74,4b19vuzlDcNdU4quI7L6sW,80080
615,Al Stewart,Midas Shadow - 2020 Remaster,5CkvbGDenhRwGKiQv48N6R,9,0DW7boyjvbaSP3OJ72sXgC,193093
616,ROLE MODEL,blind,0NuWgxEp51CutD2pJoF4OM,69,1dy5WNgIKQU6ezkpZs4y8z,153293
617,Al Stewart,Flying Sorcery - 2020 Remaster,29jzOj8URja6Rz7N62bxVh,11,0DW7boyjvbaSP3OJ72sXgC,262946
618,Khruangbin,Texas Sun,24ntSW3QVJzR79lHAAOTaY,71,2mVVjNmdjXZZDvhgQWiakk,252811
619,Buju Banton,400 Years,2ezZgyMOaR3T6ESsK0CSyk,5,4wLAjfeqAsV66AocWNcowA,248343
620,Lee Brice,Memory I Don't Mess With,1zYZs8Vbjhbzx5M3olcRnm,65,5Zq7R5qmi58ByYyBQTlNuk,180616
621,October,In The Rain - 2020 Remastered,5Ag5cb2MvvEgqU0po5pzMW,6,1AkzuxRsDDcPQURcUARdlq,355721
622,Khalil?,Zodiac Killer,2BMffjr4KyshdbZz7UAC6w,67,0TzMK687XQf4EwLFYvpDLz,124390
623,The Cog is Dead,The Inventor's Daughter (Remastered 2020),0thMY62ynu6xuiiyOuDHrI,6,5aLQtm6eoBgUhsbHvgAJPF,151379
624,COIN,Crash My Car,0X5mtNbqxbiTYkwj0CQc2f,68,0ZxZlO7oWCSYMXhehpyMvE,188306
625,Jacob Lizotte,First Strike,4VlWDHri8FFZEIi79khfmm,9,1xd4o3nvXyiD90YBml2A5T,257441
626,Jhené Aiko,P*$$Y Fairy (OTW),48KXAIruJ07kJVCWOGohMV,68,5ZS223C6JyBfXasXxrRqOk,181860
627,Workout Music ,Memories (Remix),2TSUxzMC1BPOs85maWSQRn,14,5njMahLKD1tLJ5bejvqseV,256440
628,Phoebe Bridgers,Kyoto,4vjvx7Zxkb4AltGcZ0BBvI,69,1r1uxoy19fzMxunt3ONAkG,184524
629,Al Stewart,One Stage Before - 2020 Remaster,1eUxD0p1x4hThiVbgOtXwU,8,0DW7boyjvbaSP3OJ72sXgC,282066
630,Flume,The Difference,4nlvKIIetOWGIMyhjQXgOZ,71,6nxWCVXbOlEVRexSbLsTer,139662
631,The Cog is Dead,Steam Powered Stories (Intro) [Remastered 2020],2x2jSphQIWjjnXlqVM3a8E,6,5aLQtm6eoBgUhsbHvgAJPF,94720
632,Juice WRLD,Bad Energy,7d94IqWX2UmSKMGUYSGFJG,68,4MCBfE4596Uoi2O4DtmEMz,186749
633,Al Stewart,Sand In Your Shoes - 2020 Remaster,21n38RcHzYhtIAaaYOXOxm,11,0DW7boyjvbaSP3OJ72sXgC,185386
634,Jason Derulo,Take You Dancing,59qrUpoplZxbIZxk6X0Bm3,78,07YZf4WDAMNwqr4jfgOZ8y,190306
635,Junko Yagami,カシミヤのほほえみ - 2020 Remaster,4xFNjuGmscB1pmnCol3uYm,7,6ooFYQBSq3sFEipwHfw5gr,271426
636,CJ,Whoopty,5vGLcdRuSbUhD8ScwsGSdA,74,7arQA31aZVS8yS6zUveWzb,123262
637,The Cog is Dead,Let Me Be Your Man (Remastered 2020),3XXdUoZgGdizG5AtHdRMbJ,7,5aLQtm6eoBgUhsbHvgAJPF,107990
638,Lady Gaga,Rain On Me (with Ariana Grande),24ySl2hOPGCDcxBxFIqWBu,73,1HY2Jd0NmPuamShAr6KMms,182200
639,Cool Vibes Jazz,New Year New You,3pgKqCax6v7KPkz1kGgFCR,5,3RhLwOoQ9oGsO4UkkKk212,75005
640,Morgan Wallen,Livin’ The Dream,2L4YgbxxwmwafMqLIjSx8q,65,4oUHIQIBe0LHzYfvXNW4QM,239120
641,Paul Carrack,"How Long - Live at Symphony Hall, Birmingham, 2017",6nxwrOdDV3TYosd58Og4li,10,0FFuvdY7fuiuTmHN9unYoz,362278
642,Priscilla Block,Just About Over You,4Ec0q0j8hRTCX4QQ5MiHSX,66,6BpvASijzSWj7gnZD4Dvf1,179213
643,Blackstratblues,This Will Be My Year,4xwamM5mo5l0mXeZa9zGQd,14,688Lauh0j7oRekX6qHHIp1,271322
644,Juice WRLD,Tell Me U Luv Me (with Trippie Redd),5JAYDuLRkODlVt6dgoalKk,68,4MCBfE4596Uoi2O4DtmEMz,180129
645,HCS Year12 2020,Tiffany's,3Hp75lUe1fdzzt42SQiSnt,7,1tK1SGYWdB9UhYKiMiRLtb,156969
646,NLE Choppa,Walk Em Down (feat. Roddy Ricch),4cSSL3YafYjM3yjgFO1vJg,69,0ErzCpIMyLcjPiwT4elrtZ,173288
647,Bruce Cockburn,The Coldest Night Of The Year,02wW3TMUyqGSunJ4qpIyGA,9,4sh4MHP7lhrSUakxwZzwqz,266533
648,Cole Swindell,Single Saturday Night,1irAliF0T8sLIOPJp6n7rU,66,1mfDfLsMxYcOOZkzBxvSVW,187683
649,Greg Sletteland,Can't Stop This Feeling (Deep House Dance Party Remix),0VoyCzfd4M5p23pu5HL1Vy,7,1UiwiBUiZQ4JkuSNnlSOmB,185802
650,Lund,Broken,4W8sUeokQKfHt1uTXp0Jq0,69,5uLkZ7FWMTBUg1corQqdkR,200672
651,Greg Sletteland,My Body Is so into You (Deep House Dance Party Remix),6wccYNxf7oQlLj3hhBbIno,6,1UiwiBUiZQ4JkuSNnlSOmB,216774
652,Sam Hunt,Body Like A Back Road,7FpBQ067pHB67deawpbbcY,66,2kucQ9jQwuD8jWdtR9Ef38,162546
653,Greg Sletteland,Oh Baby Baby (Electronic Dance Party Remix),7puPB5ixFOkP7nYysVqCU1,6,1UiwiBUiZQ4JkuSNnlSOmB,219256
654,Lazy3x,2K FREESTYLE,612dHPI0OoOsvWkweHXZXF,69,02wrovsROEQpMXNTxk8uHI,213000
655,Winter Warm Up Jazz,Let's Put the Year to Bed,0vak1oPiTnzC32ydpB9pBD,4,0S41pnHBilLrC2w9i95qTI,160006
656,Ghostemane,Fed Up,0BV0AYGLVlu2SdjN3J9twp,74,3uL4UpqShC4p2x1dJutoRW,151625
657,Al Stewart,"If It Doesn't Come Naturally, Leave It - 2020 Remaster",4OEZFKaHIcNkObrzhWykUw,7,0DW7boyjvbaSP3OJ72sXgC,270680
658,Pop Smoke,Get Back,3DWjFSDEQ9IWz1mj449fB7,72,0eDvMgVFoNV3TpwtrVCoTj,108160
659,Above & Beyond,Blue Monday,4SI1yGSThNxNsX9cQjbUjH,14,10gzBoINW3cLJfZUka8Zoe,252919
660,Bad Bunny,Soliá,7sOfmPd18RWp3FoCzpa7Kw,75,4q3ewBCX7sLwd24euuV69X,159282
661,Aurosonic,From Dust To Ground (Mixed) - Progressive Mix,1D6yAnZFJnke1yTAAAEw9m,8,1UkK91RiLw3FonVedbAVA1,460800
662,HARDY,UNAPOLOGETICALLY COUNTRY AS HELL,45nc69lqKe3kY9sit2UU6G,65,5QNm7E7RU2m64l6Gliu8Oy,235360
663,015B,Just 5 Minutes,14tveOxeox9mEBU8jHDoDs,9,4uU7KfTjcjyKUGWSaTzLu7,250685
664,Migos,Need It,6mtjo5kIHKlboGE84lf1FJ,67,6oMuImdp5ZcFhWP0ESe6mG,195680
665,015B,OK Goodbye,6DPRXIwH3al6tdmF4zjlaH,10,4uU7KfTjcjyKUGWSaTzLu7,189213
666,Wilbur Soot,Your New Boyfriend,4vLBnQtece15fFhqWxZvJP,70,2XzXLjXRSeFtsic4ieyLJy,239667
667,Ryuji Imaichi,Over The Night,0TWr89zyxZ58jeG7VNK7pV,12,70OLJdY31J0j1JgNcLsvSc,239266
668,$NOT,Like Me (feat. iann dior),706ZrLifsm0nwlucKr4kQg,68,5IbEL2xjRtKsunfmsahLuO,167146
669,Ryuji Imaichi,ONE DAY,1I7KerGbIP6hqciSs2LyZq,12,70OLJdY31J0j1JgNcLsvSc,273800
670,MEDUZA,Paradise (feat. Dermot Kennedy),6ft4hAq6yde8jPZY2i5zLr,78,0xRXCcSX89eobfrshSVdyu,167903
671,Ryuji Imaichi,SHINING,1Bk42d82ntsuzvVCXTrcnT,12,70OLJdY31J0j1JgNcLsvSc,213133
672,NLE Choppa,Camelot,44sYqNBttbXNxya33FJ3Dj,67,0ErzCpIMyLcjPiwT4elrtZ,148759
673,Nymano,Mirage,3HdhnmOIgeuVq42O0l5Fw1,7,3BoSEarTgKiw8sHE0ixJNK,117000
674,Zach Bryan,November Air,0u9NVrPqUINrHIFCuPOnYm,65,40ZNYROS4zLfyyBSs2PGe2,243709
675,Sleepy Fish,Bookshelves,38hvo3wyY1hUFttrzxFqQg,6,1IJe80moz409PtxW4llPFw,127877
676,Playboi Carti,New Tank,4txKMpsSfZRV6durPuHVq0,68,699OTQXzgjhIYAHMy9RyPD,89741
677,Philanthrope,Ocean Patio,3qJCPsmuewuWF2jkOqKOEY,6,13ACz7DIictCpSYGglNTHs,150087
678,Moneybagg Yo,Said Sum,3sKz6Sd72K0ofPWcJPPk6H,65,3tJoFztHeIJkJWMrx0td2f,155168
679,ØDYSSEE,Calm,3DIlFc3fn9GBy8KhJdSQAb,6,6f2Y46Pw2IYGoURJREJDiA,135499
680,Bankrol Hayden,Costa Rica (feat. The Kid LAROI) - Remix,3tdjTdCCgKtwacsICCtPZZ,69,0Yr4BBpK2dkCp2UsrJ9LZN,114865
681,Leavv,Aqueduct,1tPwtEZicYljOlAgnqT07U,7,7sNw4pNLLJNGrU62O80WGE,175500
682,Money Man,24 (feat. Lil Baby),7v96VvFLS0wSYT8kewNLRy,68,3Rx4PJ7SP6unkOk5elPUK7,182857
683,Ward Wills,Can’t Find the Words,2ufeC6yV0q32xfrqkTQGE3,9,22HWLRzuuO4aRQrXGIAnDj,192631
684,Bad Bunny,120,3KJ3opyV29269SXkPrc19l,78,4q3ewBCX7sLwd24euuV69X,151506
685,Dotlights,Anywhere But Here,5JMKnDCcY5AphCmSHwyKPG,8,5HoxUV5njSmYDj1U9i9zHY,209254
686,WEEDMANE,SUICIDE YEAR,6hRvewF5MRAsqqxnNs3z2b,74,6agBXAcUugzO8DQTChZZrx,91820
687,Sleepy Fish,Witch Hat,5IMRQMYucConMGcTogk5OC,7,1IJe80moz409PtxW4llPFw,150523
688,Jack Harlow,Face Of My City (feat. Lil Baby),6MDdceLYec4AxohmorE4vH,67,2LIk90788K0zvyj2JJVwkJ,123446
689,Sleepy Fish,Fireplace,3uPkidnkvuQS8yI6Hz2zKo,5,1IJe80moz409PtxW4llPFw,158833
690,Lil Nas X,HOLIDAY,6zFMeegAMYQo0mt8rXtrli,73,7jVv8c5Fj3E9VhNjxT4snq,154997
691,Kid Cudi,Pursuit Of Happiness - Extended Steve Aoki Remix,56fmyw26sr2W5BfqbvtNmi,26,0fA0VVWsXO9YnASrzqfmYu,373626
692,Yung Gravy,oops!,7L6G0wpIUiPXuvoo7qhb06,67,2YOYua8FpudSEiB9s88IgQ,139759
693,Disclosure,You & Me - Flume Remix,2ecVNoRLcktZ3VIYsan9Pw,15,6nS5roXSAGhTGr34W6n7Et,282812
694,StaySolidRocky,Party Girl,5RqR4ZCCKJDcBLIn4sih9l,70,1XLWox9w1Yvbodui0SRhUQ,147800
695,Ben Böhmer,Breathing - Boris Brejcha Remix (Mixed),6DtwPyMqylx1cdfvo3I2ET,10,5tDjiBYUsTqzd0RkTZxK7u,499625
696,Chris Stapleton,Joy Of My Life,4EuaDcxHmHKS6gZ5iuGba0,66,4YLtscXsxbVgi031ovDDdh,274520
697,Frost,Overtones - Mixed,4FB55vmdYfIrOrbbzlpgE4,11,4cr1vZsdjcY434Aqc3fDBt,281500
698,Five Finger Death Punch,A Little Bit Off,6GqqGv8frU7kqzXkm2rewI,68,5t28BP42x2axFnqOOMg3CM,190718
699,Marsh,Lailonie - Mixed,6Q3Wta6M7zqlnxDaFbm16h,12,1eucLGnPT27tdEh6MU29wp,337562
700,Lee Brice,Memory I Don't Mess With,7BQE1P0NUalHSvFtrxasx9,65,5Zq7R5qmi58ByYyBQTlNuk,180616
701,Eli & Fur,Walk The Line - Mixed,3vTiEk2yLd5KowoqPyHulh,9,5CkVLGKUJkIc1pmSk10QP4,237406
702,KAROL G,BICHOTA,7vrJn5hDSXRmdXoR30KgF1,75,790FomKkXshlbRYZFtlgla,178946
703,CRi,Stranger - Mixed,57mRYjtBCUVkMXidaUes2p,10,3NaMuUYTIGm6CC3YqTuTvi,216000
704,Hotel Ugly,Shut up My Moms Calling,3hxIUxnT27p5WcmjGUXNwx,67,35WVTyRnKAoaGExqgktVyb,164571
705,Durante,Days Pass - Mixed,0JXVfggFoPQNZpBg5duIJw,9,1BqIPGrEhdjdLFpUzce2dh,354000
706,Playboi Carti,Go2DaMoon (feat. Kanye West),0F13K9dwYH2zpTWiR8d628,67,699OTQXzgjhIYAHMy9RyPD,119737
707,Greg Sletteland,Gravity Pulls Us Together Djs (Usa Deep House Party Crossfit Workout Hits DJ Club Remix),7FEtHxi32h47hNP2ERvjnb,5,1UiwiBUiZQ4JkuSNnlSOmB,245760
708,iamjakehill,By the Sword,3HsFSrIsbO54TFDfG66pZm,70,26JloX1vHxGGrGUVeMItFJ,125812
709,Greg Sletteland,"More Love, Techno, & Rave DJ (Amsterdam Electronic Dance Music Festival Hits Radio Version)",389AuKbCi6WM3H4RtLQ1MJ,5,1UiwiBUiZQ4JkuSNnlSOmB,230400
710,Jack Harlow,Route 66 (feat. EST Gee),5faz5WYRJdRDiCa42DSgHR,67,2LIk90788K0zvyj2JJVwkJ,153360
711,Greg Sletteland,Feeling It Feel It DJ (Jakarta Electronic Dance Music Festival Hits Remix),6xsohTVL2NviYJJiOjwbB0,6,1UiwiBUiZQ4JkuSNnlSOmB,263225
712,Eslabon Armado,La Mejor de Todas,6tzWQCTlrZr1CnwiFGCmoM,66,0XeEobZplHxzM9QzFQWLiR,208326
713,Greg Sletteland,Rise Together DJ (Las Vegas Electronic Dance Music Festival Edm Hits Radio Version),7IjjojHPOX526CNxpicnR4,5,1UiwiBUiZQ4JkuSNnlSOmB,166880
714,Anuel AA,Hasta Que Dios Diga,06s3QtMJVXw1AJX3UfvZG1,75,2R21vXR83lH98kGeO99Y66,246000
715,Greg Sletteland,Welcome to Los Angeles (Electronic Dance Music Festival DJ Hits Remix),7ayJbUoDbRv1WdSL6Oz8jZ,5,1UiwiBUiZQ4JkuSNnlSOmB,270741
716,Megan Thee Stallion,Captain Hook,1E3VQQWFQAPJkXfYHjqWoI,67,181bsRPaVXVlUKXrxwZfHK,176749
717,Greg Sletteland,Tell Me You Want Me DJ (Ktown Electronic Dance Music Festival DJ Hits Remix),5X7nP2lTCFyTHHoxAQJX1w,5,1UiwiBUiZQ4JkuSNnlSOmB,165000
718,JAWNY,Honeypie,6FfLg6FFqhCsrFOaHIGkg0,73,25pd339V2rRJo84USlcSRP,135581
719,Greg Sletteland,Exchange of Love (Los Angeles Late Night Dance Party EDM DJ Hits Club Remix),5EMFtx03txBCUhWo1Tfiic,5,1UiwiBUiZQ4JkuSNnlSOmB,139130
720,Grupo Firme,Gracias - En Vivo,2XlGKZNMkRKvEJsbwQ6MCl,72,1dKdetem2xEmjgvyymzytS,235221
721,Greg Sletteland,Take Me Higher to Tomorrowland DJ (Electronic Dance Music Festival EDM Hits Club Remix),7qPTs2BmbdGJ8my1l8e9Tj,5,1UiwiBUiZQ4JkuSNnlSOmB,193043
722,Bad Bunny,Que Malo,53v2u51nq3CxiKUNphRzP1,75,4q3ewBCX7sLwd24euuV69X,167975
723,Greg Sletteland,After Party DJ (UK Progressive Trance Edm Gym Workout Hits Remix),7kdxjMyEAP06fyq5qMfEUk,5,1UiwiBUiZQ4JkuSNnlSOmB,166956
724,Niall Horan,Black And White,7rpNuuoMbid56XkDsx2FjE,72,1Hsdzj7Dlq2I7tHP7501T4,193089
725,Greg Sletteland,DJ's Party on Sunset Boulevard Living the Hollywood Life (Electronic Dance Music Festival Hits Remix),5WtaYsqxQ9nUszMKhrCZno,6,1UiwiBUiZQ4JkuSNnlSOmB,209970
726,Jelly Roll,Creature,5yqKUU2DUyilP2TvOrjEzT,64,19k8AgwwTSxeaxkOuCQEJs,239592
727,Greg Sletteland,Drop the Bass DJ (Melbourne Bounce Shuffle Cutting Shapes Hits Remix),4GpQ8LHpAwpwFQKWtmkeBG,8,1UiwiBUiZQ4JkuSNnlSOmB,181417
728,Sheff G,"No Suburban, Pt. 2",3VayB5gLZGODx8b7RO1y5f,68,1tG7s7S4sq2eFFW0QZyLbm,153561
729,Taio Cruz,Dynamite,4bQwJftxRu3uMtl8G4GAHJ,10,6MF9fzBmfXghAz953czmBC,203053
730,Koe Wetzel,Good Die Young,6vBbirJ0n9L0j1XPtWlG6T,64,1Tie3AZgLQZqYEp8Fv4zOZ,165699
731,Hard Men Working Hard,LonelyFans,03pvkv4qD1CsQme0vWBYa8,6,1hoEcGDMtO6zhujNn7RRUu,334470
732,Bad Bunny,Pero Ya No,75pQqzwgCjUOSSy5CpmAjy,73,4q3ewBCX7sLwd24euuV69X,160638
733,J-Dooly,"Go, Go, Goooo, Go.",2vsvgBTVLPApnhck5OIFo8,4,0fS1aOC9PyZ6eJhadYveWm,148088
734,Luis R Conriquez,El Chino (En Vivo),4b148u8CHf38OU1yW5Xf1F,72,0pePYDrJGk8gqMRbXrLJC8,180047
735,BUMKEY,BETTER DAYS,7uLKlZkikc5Efk0t5y6hEE,10,3vhZuZdMksbnJwoE3AwpXq,251320
736,Kid Cudi,Show Out (with Skepta & Pop Smoke),5CFJRZRq6sdKKtRwNPWbYv,71,0fA0VVWsXO9YnASrzqfmYu,174960
737,Nico Szabo,Raccoon,3vFsUoi4KR8k5AWlPAGIj2,15,0Vw8wTJPM8hzOHwqAjsFri,495737
738,Megan Thee Stallion,Savage,55CHeLEfn5iJ0IIkgaa4si,70,181bsRPaVXVlUKXrxwZfHK,155497
739,J-Dooly,Free Smoke.,4RnSzXTmFBEvGRL7vSCSCO,4,0fS1aOC9PyZ6eJhadYveWm,226089
740,Mac Miller,Surf,1kwnxJNVl7cwcU98RvMBaR,68,4LLpKhyESsyAXpc4laK94U,330506
741,Bryson Brown,2020 New Year,1udLFpMzlnSRSTY1d3YYeT,3,6l9zwELRty1d7kI1QdrTWC,97163
742,Kehlani,Can I,0uDdI4fAXCuNhQbmxENdsO,67,0cGUm45nv7Z6M6qdXYQGTX,167810
743,Liam Wilson,At That Point In Time - Mixed,5pJGhSJ1xfVJ22eDNWdjhb,11,0cR6WdZTvQ829SkErzUZOC,271133
744,J Balvin,UN DIA (ONE DAY) (Feat. Tainy),0EhpEsp4L0oRGM0vmeaN5e,75,1vyhD5VmyZ7KMfW5gqLgo5,232253
745,Will Rees,Into The Light - Mixed,5XMnKLGVly9OiHNXywzITE,9,1dlEz2w0VlP9NSzM6YA1Cm,349274
746,Don Toliver,Cardigan,0Li1OuXXfi7950ilZUFGkF,68,4Gso3d4CscCijv0lmajZWs,158708
747,Paul Denton,Let You Go - Mixed,19pmKyc4Bj1LPCrMrhZgIC,10,2fKsd61swALXCOUa8q89U2,352060
748,WHOKILLEDXIX,spy?,0QsZ3W21xNvnUnUMbiAY4z,68,0RSogp4qeGu0ZM71JRTay3,153921
749,Workout Music ,Lose You to Love Me (Remix),2Yrf2hhL6MDWNFCExPilWb,7,5njMahLKD1tLJ5bejvqseV,257013
750,Young Dolph,No Sense (feat. Key Glock),67K5Ki1bLemeOlN012sip8,65,3HiuzBlSW7pGDXlSFMhO2g,140466
751,Greg Sletteland,I Just Want You Baby (Chill Electronic Music Remix),7CRAq7uALKmK3CDSMzpP39,6,1UiwiBUiZQ4JkuSNnlSOmB,201295
752,Justin Bieber,Intentions,364dI1bYnvamSnBJ8JcNzN,72,1uNFoZAHBGtllmzznpCI3s,212868
753,Greg Sletteland,Follow Me (Chill Electronic Music Remix),6LlzRIPofOK1QDVQOomrpo,5,1UiwiBUiZQ4JkuSNnlSOmB,216774
754,Claire Rosinkranz,Backyard Boy,04F42oEuKrRComYJfJuyVR,70,3V0ZQW0dNuVaFtbVYgSI24,129240
755,Greg Sletteland,I Can Feel the Love from You (Deep House Dance Party Remix),5uDdlGnNidP0iBOiWPhhPz,6,1UiwiBUiZQ4JkuSNnlSOmB,188863
756,Maluma,Hawái - Remix,0GzuHFG4Ql6DoyxFRnIk3F,71,1r4hJ1h58CWwUQe3MxPuau,200481
757,Greg Sletteland,Paradise Like Islands in the Sky (Deep House Dance Party Remix),56tHWxun34uJ4atMqfjUek,6,1UiwiBUiZQ4JkuSNnlSOmB,185805
758,Marshmello,OK Not To Be OK,0zzVTGyRrWpQu8Fr28NRAv,73,64KEffDW9EtZ1y2vBYgq8T,159862
759,Greg Sletteland,The DJ Played My Favorite Song (Deep House Dance Party Remix),01JYQhAS2nLXSdwVlB3nM7,5,1UiwiBUiZQ4JkuSNnlSOmB,232257
760,Saweetie,Back to the Streets (feat. Jhené Aiko),3MEruRteiUZXkStfTlZqRn,67,6cK3NBO6uP7hh0oyuVELFl,189496
761,Greg Sletteland,All My Life (Chill Electronic Music Remix),3HFBPDn9PDxqjqLzaolPrw,5,1UiwiBUiZQ4JkuSNnlSOmB,240003
762,Studio Killers,Jenny (I Wanna Ruin Our Friendship),4JLBDUYSaOMPYND0iWeSWQ,73,7avo0PmlW8O1YLEt9DnWQT,215280
763,Greg Sletteland,Feel Love in the Music (Chill Electronic Music Remix),4iVUdetI0cQ4cOmuvGEyuA,5,1UiwiBUiZQ4JkuSNnlSOmB,185804
764,RØNIN,ALL GIRLS ARE THE SAME,4xhWfr0tyA7BGL7eXo8KnV,72,5AueQd01cgyqBRQ82ns5cd,121949
765,Greg Sletteland,Let's Play (Deep House Dance Party Remix),4y3SXCuVXO8fj0BTSUzvy6,7,1UiwiBUiZQ4JkuSNnlSOmB,185798
766,LiSA,紅蓮華,0qMip0B2D4ePEjBJvAtYre,74,0blbVefuxOGltDBa00dspv,237586
767,Greg Sletteland,Can We Take This to the Next Level (Fitness Workout Music Remix),3DkpThpq5Nos0vy1cCgQ4e,5,1UiwiBUiZQ4JkuSNnlSOmB,187509
768,Khalid,Know Your Worth,0TrPqhAMoaKUFLR7iYDokf,71,6LuN9FCkKOj5PcnpouEgny,181436
769,Greg Sletteland,Two Hearts All In (Deep House Dance Party Remix),3YheyJ5hmE5119nBnGCt9W,6,1UiwiBUiZQ4JkuSNnlSOmB,208000
770,Juice WRLD,Titanic,1YM6c2sxbf2Jacl9IFgn4I,67,4MCBfE4596Uoi2O4DtmEMz,176649
771,Greg Sletteland,Light It Up (Chill Electronic Music Remix),6qRpJ9vJlSppO07xPJPv8k,6,1UiwiBUiZQ4JkuSNnlSOmB,193547
772,Miley Cyrus,Midnight Sky,4i2qxFEVVUi8yOYoxB8TCX,74,5YGY8feqx7naU7z4HrwZM6,223280
773,Greg Sletteland,Lose My Defenses (Yoga & Pilates Chill Electronic Music Remix),2Gl0xdYcjTkMnqEm687VZB,6,1UiwiBUiZQ4JkuSNnlSOmB,185806
774,Bryson Tiller,Sorrows,5TXQCMKN6TgemTL3c4wRTn,68,2EMAnMvWE2eb56ToJVfCWs,193702
775,Greg Sletteland,One More Time Hands up Hollywood (Electronic Dance Party Remix),5LJ3F6BPFfwpjbzYQN2cIx,4,1UiwiBUiZQ4JkuSNnlSOmB,254977
776,Bad Bunny,Ignorantes,38RIEav39FGi86jppxO0du,73,4q3ewBCX7sLwd24euuV69X,210606
777,Shanti Chakra Friends,Seven Years in Tibet 2020,6uvfqKDNvc6B8aGTlALw2Z,11,7s7BtpXbUTvFtbnPLvrl69,293051
778,Eslabon Armado,24 Horas,0T8lt51Lvj1OAj750PH6X9,66,0XeEobZplHxzM9QzFQWLiR,317362
779,October,A Good Year - 2020 Remastered,1g6Zm6BiN3WktHGzu0ZKAh,5,1AkzuxRsDDcPQURcUARdlq,226603
780,King Von,The Code (feat. Polo G),5NOUjBikzECEJyZMTxtErD,65,6QtgPSJPSzcnn7dPZ4VINp,202413
781,Last Year's Man,"Wild, Wild Heart",2Nur2UzbP0TYyO0ZkvN2Rh,9,56XJ4jcK8kaqy6jbJbGs2M,235013
782,King Von,Armed & Dangerous,2297mxrYLBAC4XkhXs39If,66,6QtgPSJPSzcnn7dPZ4VINp,122680
783,Gareth Emery,You'll Be OK,6QfcL5rVYc0RqQ3UZX69kD,14,0hprEC0nsWuQPSHag1O2Vi,211583
784,Zach Bryan,Crooked Teeth,0Is8zshpnWUiFQJIYAMrQN,64,40ZNYROS4zLfyyBSs2PGe2,197226
785,DJPOOPYPANTS,2020 was the year of sweaty mistakes,6peVo1MvfU4My4teGQCPtF,2,62Mm328cOGmPCiOLTCYCcB,182709
786,Lil Baby,Heatin Up (feat. Gunna),7KSSdFCBHCfq4KPzz78ghk,66,5f7VJjfbwm532GiveGC0ZK,177314
787,PKCZ(R),CHAIN BREAKER,6HT6F5ObwdIzdk6CS54QLk,34,1Pzt7WyaiqfngZpWFA5Lts,327506
788,Internet Money,Blastoff (feat. Juice Wrld & Trippie Redd),7dH9TPjTWQ60wOJkmYay8a,67,6MPCFvOQv5cIGfw3jODMF0,174729
789,Ajay Stevens,CHRISTMAS 2020 (my favorite time of the year),2ENQOAE4cq11Li1QleYPtM,4,48if4uTJm0ocWxrB30oxyy,90000
790,Nate Smith,Under My Skin,3G3OwFCrkc86mMuLPOvgjc,65,4NYMUsIcUUsBHbV9DICa5x,178771
791,015B,Sliding Door Moments - Korean Version,4NWdb0MAwcfaHswWb7u1wP,7,4uU7KfTjcjyKUGWSaTzLu7,239413
792,Hotboii,Don't Need Time,45EzsxBDieiBZmI4ZaqAal,66,220xv2aB3dsGxaJI1gGs7l,124930
793,015B,I Just Want To Talk To You,3U8IhhOQMG3teZsZOKgfhV,7,4uU7KfTjcjyKUGWSaTzLu7,285592
794,Los Elegantes de Jerez,Tú,5GkeaIeCEfB0LOqk7sIVHQ,71,0ZcwFNId7ySqDJyhXfKIav,194266
795,015B,My Curiosity,3BYgy2AA1R0YYSTiAaosLy,8,4uU7KfTjcjyKUGWSaTzLu7,198240
796,BTS,ON,0fZRNhPJ4AGmwY7rkpdbqK,75,3Nrfpe0tUJi4K4DXYWgMUX,246380
797,015B,Air Limited Edition,5xEQI9Pq9w6ym0yZ9Awqoh,7,4uU7KfTjcjyKUGWSaTzLu7,239453
798,Taylor Swift,this is me trying,7kt9e9LFSpN1zQtYEl19o1,70,06HL4z0CvFAxyc27GXpf02,195097
799,Al Stewart,Belsize Blues - [2020 Mix] [2020 Remaster],5rZEz0AIRMJTxTLuSKoV30,6,0DW7boyjvbaSP3OJ72sXgC,208826
800,DJ Khaled,GREECE (feat. Drake),35RJhm1pEovTBwnNR0zWad,72,0QHgL1lAIqAw0HtD7YldmP,218901
801,chromonicci,Oceania,4tCFAMpx8eu1AYHtsf0Bun,6,746nA9NSKsqBDRk343UtkE,245124
802,Megan Thee Stallion,Girls in the Hood,6WbTTAGKrQtCQvmc5BuYfh,66,181bsRPaVXVlUKXrxwZfHK,154323
803,goosetaf,Last Night,6euVvsxMmscZAtp3tsIJcP,5,46NCqFl8vhQZD77y7XkvJs,130000
804,Lil Uzi Vert,Baby Pluto,7hav1MHURQf5SAoPk0egqh,66,4O15NlyKLIASxsJ0PrXPfz,210261
805,Aso,comfortable,5h8oFqPXn6xP1TIPfzeX8b,5,45Ui3GdcxzbdJhhTtZLXO8,156316
806,Bad Bunny,25/8,4NqQaovM14WR2hNPMFxgjb,72,4q3ewBCX7sLwd24euuV69X,243275
807,sadtoi,Les Vacances,4DIeKIPrZfqmb1XBfV5feA,5,7G6bYv9rdldB4mNddVd2yy,137166
808,TWICE,I CAN'T STOP ME,37ZtpRBkHcaq6hHy0X98zn,74,7n2Ycct7Beij7Dj7meI4X0,205493
809,Tove Lo,Talking Body,5zglEgygGgj6mFwx9ANoru,11,4NHQUGzhtTLFvgF5SZesLK,237332
810,Polo G,Be Something,65jw6GhwQW3Db55PxlPEpS,66,6AgTAQt8XS6jRWi4sX7w49,194117
811,Glad2Mecha,Showing Love,6s7aZNaIAxeReSesFiuvAH,10,6pokAyXBznXdV5T3gO6cNQ,165389
812,Money Man,24,2FVMbLuIxo0dz3KLXgN6Jh,68,3Rx4PJ7SP6unkOk5elPUK7,160952
813,Middle School,Canary Forest,4eA8gVCly3GDGKfAnQsoBM,6,6AjXxPL8C44rc1yJdi6RZB,137154
814,LDNE,Labios Rojos,1NPk0Y7AkLvirhSg4oI0bM,65,5hkcGbdTv8nC62vVT7RJmZ,241423
815,weird inside,Wrong Way,1YhC7OQOaiSVg4LQ14x17a,4,4iylWAhvTVtSVhIeAoM7Bl,141750
816,Zach Bryan,Revival,2QfX9Pdz3q66fN3kCXl0Js,64,40ZNYROS4zLfyyBSs2PGe2,221250
817,Miscél,Inside,7a9z931Bx6gunpcVNH0AdX,6,5P8zM1rnE2owF1M5HzAuM5,117250
818,Zoe Wees,Control,50Td3qilgs8BLtv8mHyT1t,74,03d2mJXSMtuPI0nIvLnhoS,230880
819,invention_,Sonar,6czQS8qEliHSUvwUUKm0xz,5,7uA2p3333eiW9Cknf1twtU,148937
820,King Von,Back Again (feat. Lil Durk),0rk2IHFiHFnO7t0jvAeHW9,65,6QtgPSJPSzcnn7dPZ4VINp,151000
821,Tesk,p i c k m e u p,1VD8yecOuLPqx8kyt6ICI3,5,7ntBtETW7gkufH8Hw38gb4,125616
822,Megan Thee Stallion,What’s New,3jRHehB5ulTMKfK5WaqDqc,66,181bsRPaVXVlUKXrxwZfHK,155090
823,Sleepy Fish,Velocities,0iV89YxzohPEDkJMzgkqBs,6,1IJe80moz409PtxW4llPFw,192000
824,Thouxanbanfauni,ULTRA VIOLET,2CxjDTsUBmVlcMjjy2UETJ,67,1O8X4zxUh4AdAPFttOTlLr,157944
825,dryhope,Ever Forward,33GGRexA8eWet5sRchpLWg,4,50Ej4gF8iYESted3e4JZ4t,161970
826,Penelope Scott,Lotta True Crime,6Dqs6JddZc16yl27MDzIWY,68,3u6lPufHw4Oww6D88rv6sB,202319
827,G Mills,Harvest,2Qe9Hpwda5pbWAZGg6dMOe,6,0djvqMepj2XkHfvWTqkH1N,120457
828,Jameson Rodgers,Cold Beer Calling My Name,3dV1fjKOlLnaNK5MeZHXGv,65,5pyVHz7lcfqKoV9BflFYwN,210480
829,Psalm Trees,bringmesun,0xekwqWRG4YmxY8kvfoVz2,5,5pmXkV6A8yQdoa64xzvZ0S,140487
830,Penelope Scott,Feel Better,6e0vjU61OuUzcqVKPEXHb4,68,3u6lPufHw4Oww6D88rv6sB,252630
831,Aviino,Such Great Heights,6iad6srF2PJ2rQkxTYHW8V,5,6poGVkPdF42Kfchhw1cu0J,207197
832,1nonly,Bunny Girl,7KVBqGLGhrEejVokzYd8vF,70,3ZHU5AKrUmIPnCFfr82QER,166896
833,xander.,Cozy Fire,37wFCg1zXCcFpW6iQkKi9v,5,6ysKfYgiKUTMCuq2fSTLK3,214374
834,Lefty Sm,Por Mi México,2sUknbm8xdLQgH7wb8xcTX,73,6eXHRfK9Ad3IpMpSAqvcDf,218250
835,Philanthrope,Anemone,6fRkH2ALayG6ZNK268MlSV,5,13ACz7DIictCpSYGglNTHs,112500
836,John Legend,Wild (feat. Gary Clark Jr.),4rVW6XqAsSaf5vOwc8FREW,69,5y2Xq6xcjJb2jVM54GHK3t,196906
837,G Mills,Ocean View,4LoEXEjzxUhEIqCRNLvo5Y,5,0djvqMepj2XkHfvWTqkH1N,183302
838,Olivia Rodrigo,All I Want,1v6svH1Fyx9C1nIt1mA2DT,72,1McMsnEElThX1knmY4oliG,177322
839,Marshmello,Happier,3jBWgVplhT8hliHo78nPgi,7,64KEffDW9EtZ1y2vBYgq8T,214289
840,Lil Uzi Vert,Bean (Kobe) [feat. Chief Keef],0IpnZchq8ek2A6pGEP2Qb1,65,4O15NlyKLIASxsJ0PrXPfz,238816
841,Juan Rios,Cascada,6rzGm812RGQTMv2B4bCdHj,5,0LhotT6TyZgkzuLSd6pspG,186909
842,Morgan Wallen,Somebody’s Problem,0SErdEdRcVX1uJCf1eTGYH,64,4oUHIQIBe0LHzYfvXNW4QM,161773
843,CRi,Never Really Get There - Mixed,7LGnCsigzFh09fNjO8yWAb,8,3NaMuUYTIGm6CC3YqTuTvi,235000
844,Trippie Redd,Excitement (feat. PARTYNEXTDOOR),7FullO2NDkyvxLuxYVKINa,67,6Xgp2XMz1fhVYe7i6yNAax,283285
845,Qrion,It's All Over - Mixed,27d7BybysxFAkygrYYUozY,9,0bGDTQ78MVgI5Snqo9KJZw,232791
846,Billie Eilish,my future,2ygvZOXrIeVL4xZmAWJT2C,70,6qqNVTkY8uBg9cP3Jd7DAH,208155
847,Qrion,B4 Montreal - TSHA Remix (Mixed),52Jfd9naoVkh8iQYPmfRzO,8,0bGDTQ78MVgI5Snqo9KJZw,188000
848,MC Virgins,Trap Anthem,5YOlr46EwaH34hfN6r4vXR,70,3iNL7rw7fpmysjZvhB8vi7,133017
849,Imagine Dragons,Thunder,0B5ZK7sKy63LqzBFdc1Juj,10,53XhwfbYqKCa1cC15pYq2q,187146
850,Key Glock,Dough,2rw5cbtHTyzy8iruujD28d,64,0RESbWvOMyua0yuyVrztJ5,198866
851,Jerro,Tunnel Vision - Mixed,4MDdJzvpaODejmxWSqBGKZ,8,1WHFu22zN1C6F11Z1rt12K,209500
852,BTS,Black Swan,2EmcTFQ1rM11wp2ztsXTHa,74,3Nrfpe0tUJi4K4DXYWgMUX,198260
853,Luttrell,Lucky Ones - Leaving Laurel Remix (Mixed),0Lc0sd0Dqhi1CfiTLTUcNS,9,4EOyJnoiiOJ4vuNhSBArB2,251500
854,Lil Uzi Vert,Lo Mein,6CUP2khYzdphXebxVTfPE3,65,4O15NlyKLIASxsJ0PrXPfz,195299
855,Dosem,Eternal Summer - Mixed,06Exp4RhjwExplyB05Hgs9,8,0zmnkCTbAxYsZAMIqXEzfS,191375
856,Mac Miller,Circles,4jXl6VtkFFKIt3ycUQc5LT,67,4LLpKhyESsyAXpc4laK94U,170360
857,Magnus,Mirage - Mixed,4Q5TVAwpkSOmunKJ9q9pIw,3,1kUhPIQes1dQ6gnic127bh,291269
858,Taylor Swift,mirrorball,0ZNU020wNYvgW84iljPkPP,69,06HL4z0CvFAxyc27GXpf02,208977
859,Maroon 5,Wait,4egTUh77H4Zim2gwMPSKt7,7,04gDigrS5kc9YWfZHwBETP,190640
860,Leyla Blue,What A Shame,7FGIEAVXfegxngH9Jg6VwA,72,6HpIVA13SPof8sYuXRUfxj,177200
861,Black Eyed Peas,I Gotta Feeling,4GEWfbvGYNRLj31pQF46Md,9,1yxSLGMDHlW21z4YXirZDS,289493
862,Miley Cyrus,Angels Like You,1daDRI9ahBonbWD8YcxOIB,76,5YGY8feqx7naU7z4HrwZM6,196453
863,Carl Michael Ziehrer,Die Landstreicher: Ouvertüre,2QNhoXcJ8i0WwnT2NnuxVy,14,0Zn5m26BNsqyz9sK2ocQUq,298440
864,Taylor Swift,betty,5kI4eCXXzyuIUXjQra0Cxi,69,06HL4z0CvFAxyc27GXpf02,294521
865,Junko Yagami,ジョハナスバーグ - 2020 Remaster,2I6TAltIDOgjN22xBiJ0R6,4,6ooFYQBSq3sFEipwHfw5gr,313973
866,Miley Cyrus,Plastic Hearts,6qCsKKS7Ol63SJW3LOIX5R,71,5YGY8feqx7naU7z4HrwZM6,205733
867,Soyoco,secret base 〜君がくれたもの〜(10 years after Ver.) (あの日見た花の名前を僕達はまだ知らない。),5r9S4HZV1x2EgbQmHHjgr9,12,2ZLvXsN8k1YPfHWdAcKg0a,352003
868,Oliver Tree,Alien Boy,3BIIJgBJJ7NhhCv4MI6n7w,68,6TLwD7HPWuiOzvXEa3oCNe,164312
869,Junko Yagami,カメレオン - 2020 Remaster,2427yJkNe3fmr2PnTRWmxL,10,6ooFYQBSq3sFEipwHfw5gr,251000
870,Future,Too Comfortable,0biVzpdI2z0vAxwfU9xuuA,66,1RyvyyTE3xzB2ZywiAwp0i,236818
871,Christy Moore,Spancilhill - Remastered 2020,1flGOfQKMzIzUwhht06Tew,11,3Ebn7mKYzD0L3DaUB1gNJZ,291026
872,ODIE,Miss Summer,58VNpcJpI5dEKxYByCkbXc,67,5aMIbwZQvP2MHPMVC5zCGj,162376
873,October,Canon - 2020 Remastered,4oiqtcsg51na4nBvoyjpXb,7,1AkzuxRsDDcPQURcUARdlq,213211
874,Bad Bunny,SORRY PAPI,5jZ32WOU7sqzDYbzINwMUk,74,4q3ewBCX7sLwd24euuV69X,163053
875,Ash,Orpheus - 2020 - Remaster,59002qbl9aAYFrQTOS94fs,11,2evydP72Z45DouM4uMGsIE,255613
876,Kehlani,Toxic,5nexAvWNhwg51EavnDgViy,67,0cGUm45nv7Z6M6qdXYQGTX,168182
877,October,16.7.5 - 2020 Remastered,6ZmBHlPqVlCMcpHesOAETV,5,1AkzuxRsDDcPQURcUARdlq,241750
878,Olivia O'Brien,Josslyn,37ZKB38iNyKJ0xYEz9SJgk,67,1QRj3hoop9Mv5VvHQkwPEp,189125
879,Pop Pongkool,Happy Ending,70hw7R4uRRhvHJZVcuYFsG,9,1C6qssOWal7Sii2guMg0mx,231428
880,Adelmar Borrego,"Twinkle, Twinkle, Little Star",147gCksvDRmjG1pO51ZCcf,71,5bdLiUDd0rIMAkT1y6zLaE,100562
881,Greg Sletteland,Baby You're One of a Kind (Chill Electronic Music Remix),1JjUJUycDSFvZK0iWGWFW9,4,1UiwiBUiZQ4JkuSNnlSOmB,230220
882,Jagwar Twin,Happy Face,6QNCvcs758QuBEBISL6XIV,70,4luZExkmgn39Kj5XsYWria,170733
883,J-Dooly,Never.,3jVVpgqYbRqbWaluAOuU09,3,0fS1aOC9PyZ6eJhadYveWm,254066
884,Saweetie,Tap In,4Hpib09wXgD84w4uwTPnYD,67,6cK3NBO6uP7hh0oyuVELFl,139413
885,J-Dooly,"1,2,3,4life.",790qKaRDTaI7mT4WTCp4rB,3,0fS1aOC9PyZ6eJhadYveWm,184084
886,Taylor Swift,invisible string,6VsvKPJ4xjVNKpI8VVZ3SV,68,06HL4z0CvFAxyc27GXpf02,252880
887,Greg Sletteland,Thinking About You (Chill Deep House Remix),20vk0FBPnnUXC4wjfMF9Zd,4,1UiwiBUiZQ4JkuSNnlSOmB,205724
888,Drake,Toosie Slide,127QTOFJsJQp5LbJbu3A1y,73,3TVXtAsR1Inumwj472S9r4,247058
889,GRIFE,Life's Not a Contest,3Sqg12vvtpL1F3dwyrJi0v,14,0peVkBhumiuUyxMqc9EGUR,435032
890,Bad Bunny,HOY COBRÉ,0tjZv2hChdHZCW1zFXpy1J,71,4q3ewBCX7sLwd24euuV69X,162151
891,J-Dooly,So High.,2RZ6dclbxmBeL76mpC2sCn,3,0fS1aOC9PyZ6eJhadYveWm,261616
892,Junior H,Atrapado en un Sueño,4FJHSPdhQqxovmYP9YpcHN,69,7Gi6gjaWy3DxyilpF1a8Is,210161
893,The Cog is Dead,Aimee (Remastered 2020),7lfvWwze1qNob7gpV7q5Rl,6,5aLQtm6eoBgUhsbHvgAJPF,203885
894,Kenny Chesney,Knowing You,2EEfUuBRZA4Ax1vYcluFS0,63,3grHWM9bx2E9vwJCdlRv9O,226266
895,Fendaheads,The Breaks 2020,4XpPVB7NlEaAND6LejiitK,5,4tkY8qt5pUGjkA0d42NpUT,249500
896,Fly By Midnight,Automatic (feat. Jake Miller),6FoUUkUM4fVdh5pLZyxgjz,72,4rQTEdG6hDVOlDUFKs9EjZ,157472
897,Astrid S,Years,6jCOvlORD28a7e1rgZJYWD,8,3AVfmawzu83sp94QW7CEGm,190267
898,Eslabon Armado,Me Matas,50g9l7cOUIXt9LVl9eX784,66,0XeEobZplHxzM9QzFQWLiR,203706
899,Junko Yagami,REACHING OUT - 2020 Remaster,0UpylEW2zU45eSDxLkchrE,4,6ooFYQBSq3sFEipwHfw5gr,318413
900,Conan Gray,Comfort Crowd,6uaBrivDHCaV0uBTiwHTUi,68,4Uc8Dsxct0oMqx0P6i60ea,174680
901,Junko Yagami,ダイナマイト ラブ - 2020 Remaster,6CCzg76ozEPE6LiHtWXyOp,9,6ooFYQBSq3sFEipwHfw5gr,254293
902,Juice WRLD,Can't Die,4PPLJAEYBSOcnzr9TZoqf9,67,4MCBfE4596Uoi2O4DtmEMz,182922
903,Junko Yagami,FUN CITY - 2020 Remaster,1DKmSjVvySVzvlHOFNeNZW,5,6ooFYQBSq3sFEipwHfw5gr,250200
904,Sista Prod,Eyes Blue Like The Atlantic (feat. Subvrbs),0qUcpOOna3kkrwfqky85e1,70,7cSbcJTJBBSXDjRNR2qD61,154599
905,Kobaryo,HAPPY NEW BPM 2020,5jwNrgDL8Zl44gINkTz1ry,5,1Y81Ch90opScfpMfN17lZb,200480
906,King Von,All These Niggas (feat. Lil Durk),4g27tVPyGHi38dczFoJZZy,64,6QtgPSJPSzcnn7dPZ4VINp,144786
907,Christy Moore,Joe McCann - Remastered 2020,6Fx7s29d0zyZSqCLVDKpgK,9,3Ebn7mKYzD0L3DaUB1gNJZ,202186
908,Sam Hunt,Hard To Forget,10xuH52YSXHWFwCaF1fsDd,64,2kucQ9jQwuD8jWdtR9Ef38,204760
909,Christy Moore,Rambling Robin - Remastered 2020,5RLeg1dOMEbbsGxQUmDKFR,9,3Ebn7mKYzD0L3DaUB1gNJZ,143840
910,Bad Bunny,YO VISTO ASÍ,5fROvzNghPid8mbKNDYvpJ,71,4q3ewBCX7sLwd24euuV69X,191526
911,The Brothers Gillespie,Pandemic Love or the Year Without a Spring (Live in Johnson City 10/30/2020),4iw1IrgiSQ6J5UJpfQJsRD,1,0Qzs6k37sHst4PoLSzJFVW,159194
912,Jerry Di,Mi Cuarto,6fmQjRuo7XvRFCK2qex5hQ,72,7f02bxFbZIOVdSbYRNYvLT,197586
913,Ash,Shining Light - 2020 - Remaster,4RfYytVLZVug49iuNMojuu,13,2evydP72Z45DouM4uMGsIE,309440
914,2KBABY,Old Streets,3k0LQivRnB690bkznEXI1E,65,4mkjpWbFO45SyaHiM9GOVE,105600
915,m-pact,Human Nature - 2020 Remaster,0bpWtFgwf5VePnyYuJgfiS,4,4RDeIdKXTqX5ZYzHn04F10,296611
916,Joji,Daylight,6Ed1q0X8oSKSm4IIhiQbYg,69,3MZsBdqDrRTJihTHQrO6Dq,163905
917,October,Inner Silence - 2020 Remastered,42prYIWiVRGBtQWdEyKzFZ,4,1AkzuxRsDDcPQURcUARdlq,166170
918,Skinny Atlas,you never meant it,4LMlIX9Y8qziRafzW30mGc,69,0E1HulHZpqPQBOA8isuQ7a,117692
919,David Bowie,"Seven Years In Tibet - Live at Radio City Music Hall New York, 15th October, 1997; 2020 Remaster",3KLU3rwnH7rdjuXgvGvubX,7,0oSGxfWSnnOXhD2fKuz2Gy,379720
920,Justin Bieber,Lonely (with benny blanco),4y4spB9m0Q6026KfkAvy9Q,74,1uNFoZAHBGtllmzznpCI3s,149297
921,The Cog is Dead,Time Machine (Remastered 2020),6uw6qpBqrHrr6C7hLmK2yL,6,5aLQtm6eoBgUhsbHvgAJPF,215013
922,Freddie Gibbs,"Something to Rap About (feat. Tyler, The Creator)",5OkYfk72CNL8XLqa3gp9q7,66,0Y4inQK6OespitzD6ijMwb,282560
923,Goldie,Inner City Life - 2020 Remaster,1Nlstdx5q4GVUyaQqHYvqh,5,2SYqJ3uDLLXZNyZdLKBy4M,422182
924,Phoebe Bridgers,Moon Song,46RNrAkGsqWTDrv2ZPOAbx,66,1r1uxoy19fzMxunt3ONAkG,277676
925,Junko Yagami,哀愁パラダイス - 2020 Remaster,3OktwSmw5kFGDI4fC1z5hw,6,6ooFYQBSq3sFEipwHfw5gr,237560
926,Ashnikko,Daisy,0AUvWawuP0ibk4SQ3sIZjk,69,3PyJHH2wyfQK3WZrk9rpmP,146523
927,October,Nod Your Head - 2020 Remastered,2SAHvXYbfnBlP721cGSrdU,6,1AkzuxRsDDcPQURcUARdlq,197065
928,Lil Baby,Commercial (feat. Lil Uzi Vert),3tDqEKKUs6gf8zMvSuLyLA,65,5f7VJjfbwm532GiveGC0ZK,214214
929,October,Me Before You - 2020 Remastered,0dgx5nCe9j7khY9Sctmqgs,4,1AkzuxRsDDcPQURcUARdlq,214620
930,$uicideboy$,All Dogs Go to Heaven,1DoBPOlB884EHiftB46QGx,65,1VPmR4DJC1PlOtd0IADAO0,153652
931,Ash,Burn Baby Burn - 2020 - Remaster,4y4okFiVQwfKteASrN5v03,12,2evydP72Z45DouM4uMGsIE,207120
932,CORPSE,Miss YOU!,3pXVmZh293nWtqxildz9jf,67,7yntSJ6uojO3z6GFUVwhAW,92856
933,Kazuhito Murata,"So long, Mrs. - 2020 Remaster",73ccJ8cerJlWbAHTtYZX5I,9,1YAn7piNSpMgdC8inGcOLd,206680
934,Royal & the Serpent,overwhelmed,5jjZikDrEd0by1o7V3fO4y,69,64EHXDoln95lnccszdPum0,159293
935,Junko Yagami,"COMMUNICATION - Extended Club Mix, 2020 Remaster",5AnjlFEoUfhRcPqXLd8LvD,4,6ooFYQBSq3sFEipwHfw5gr,567053
936,Punkinloveee,Freak Show,2Rb6nYmuLEblpq4KIAjngL,70,6CrThJMQVJfWaHeliiLHuw,125361
937,Mike Sanders,Winden - Mixed,2G3xRSATaMwOcOqmrphRCu,8,1SEyZMsDKFTCmabsCrsPsG,304552
938,Wild Rivers,Thinking 'Bout Love,42UaitnwvuKqNcD5Oa2HlD,66,59sBwR0jPSTrbMtuTkRPN5,199391
939,Alan Morris,Catharsis - Mixed,4D3LEYA17P6dGBk2NJcO4D,9,2C51Wbu4q389aUw2Vy8IA4,268132
940,Los Dos Carnales,El Envidioso,53PoPAD389bBE4ePYuT95g,70,25UNJbwGZSQKvz5cPLWlv3,191994
941,Flynn & Denton,Say My Name (Paul Denton Remix) - Mixed,5QYfLFjztixbyUyRCwrJvS,7,7EdiVQ4tLHC42BHU5sQcq0,275527
942,Taylor Swift,illicit affairs,2NmsngXHeC1GQ9wWrzhOMf,69,06HL4z0CvFAxyc27GXpf02,190898
943,Maria Healy,Clouds - Mixed,2uoakoQ0mhldaueo4Mpsgk,9,2BFFr1SrdrJwXm1Y1Wr4F3,326936
944,Megan Thee Stallion,Savage Remix (feat. Beyoncé),5v4GgrXPMghOnBBLmveLac,67,181bsRPaVXVlUKXrxwZfHK,242000
945,Cold Blue,Recovery (John O’Callaghan Remix) - Mixed,3Mkc4N2KizWm95rIKzECJx,11,3mbjJqO86kx786znlhmTrF,216050
946,Dominic Fike,Superstar Sh*t,20j7l6tFtc5lynXpbOQg1O,66,6USv9qhCn6zfxlBQIYJ9qs,127054
947,Christy Moore,The Cliffs Of Dooneen - Remastered 2020,1corzQOwIO9BLGttbDvJNd,9,3Ebn7mKYzD0L3DaUB1gNJZ,180773
948,Gryffin,Safe With Me (with Audrey Mika),6Skh3CBum0pZw9TOr7FQnX,69,2ZRQcIgzPCVaT9XKhXZIzh,205164
949,Sam Lynch,Good Year,4foJE2VB451MQpmgeksBjt,7,3gIjrIxD8n3BSYH9OqkHLL,268161
950,YoungBoy Never Broke Again,House Arrest Tingz,4Boj4bBiDv6Ur1zKEvLXBI,64,7wlFDEWiM5OoIAt8RSli8b,168280
951,Workout Music ,Never Be the Same (Remix),0OUdjsdhc5fwef8UIbQFX6,9,5njMahLKD1tLJ5bejvqseV,273781
952,Kygo,Lose Somebody,1sgDyuLooyvEML4oHspNza,72,23fqKkggKUBHNkbKtXEls4,199549
953,The Cog is Dead,I Want Only You (Remastered 2020),0ba5HE0lAXUHIwb8ETK1aG,5,5aLQtm6eoBgUhsbHvgAJPF,190981
954,Bad Bunny,BYE ME FUI,0FktnzDqjClqU6iqOZVEs2,72,4q3ewBCX7sLwd24euuV69X,178000
955,Workout Music ,Only Human (Remix),6cnCKULXZccT8eVBLWQoGk,6,5njMahLKD1tLJ5bejvqseV,256800
956,Lauv,Who (feat. BTS),2qG81jL9UIP54uS8gYyP4k,75,5JZ7CnR6gTvEMKX4g70Amv,180413
957,Workout Music ,Old Town Road (Remix),2YYO2IuGe6dI9Lv3mpeUWo,11,5njMahLKD1tLJ5bejvqseV,265866
958,Rod Wave,Letter From Houston,64NX4R1rgHb1LMLDAnNNPp,63,45TgXXqMDdF8BkjA83OM7z,173893
959,The Cog is Dead,A Letter to Michelle (Remastered 2020),1BrqAzQfvlyivjKXKuQ6Di,5,5aLQtm6eoBgUhsbHvgAJPF,335386
960,Dustin Lynch,Ridin’ Roads,2VPmBOuy7ZAOFSzKwW2IEt,63,1dID9zgn0OV0Y8ud7Mh2tS,205426
961,Workout Music ,Shallow (Remix),7tURpAVMj5qglZb3nJOx4a,12,5njMahLKD1tLJ5bejvqseV,270000
962,BIA,WHOLE LOTTA MONEY,5yorXJWdBan1Vlh116ZtQ7,65,6veh5zbFpm31XsPdjBgPER,156005
963,Jacob Lizotte,Beast,0uEt4NbDvWQSqvpDQOZwLr,5,1xd4o3nvXyiD90YBml2A5T,218500
964,Will Wood,I / Me / Myself,1lqj3wgPj8gHCdq46hUjvr,67,1VQ8riQ31zVHtlxiCC9EZE,291715
965,October,Your Story Isn't Over Yet - 2020 Remastered,50Ac3UlS4mKBmgSLSnLGGG,4,1AkzuxRsDDcPQURcUARdlq,248325
966,Myke Towers,Bandido,1xK1Gg9SxG8fy2Ya373oqb,75,7iK8PXO48WeuP03g8YR51W,232853
967,October,When I'm Close To You - 2020 Remastered,7zCTxEqTb4COCwoNrhyGHF,5,1AkzuxRsDDcPQURcUARdlq,182589
968,Brothers Osborne,I'm Not For Everyone,143YESFOZqxVGrKEWisbid,64,39NR3AUhpbbqKM33vWn2fp,172106
969,Mirah,Words Cannot Describe - 2020 Version,3JUq8M5st11QCnotAKuZSO,3,5AZHg5fZjuN4FzGUnaiQcj,123940
970,Steve Lacy,Uuuu,6M0EP76qW9TG4SNU0agu94,64,57vWImR43h4CaDao012Ofp,90708
971,The Sea The Sea,A Thousand Years,2y18KwwFsRDbozWzbdmESx,9,3uKFW2tuZB4NFThJfHJtZ1,225186
972,Maluma,Hawái,1yoMvmasuxZfqHEipJhRbp,75,1r4hJ1h58CWwUQe3MxPuau,199112
973,ShoXeRr,Forever of Light Years,7vfBPZfo7X7uPTgtRsDNTf,6,7rAHx1G9pKJx9e5MXay9yp,201600
974,Banda MS de Sergio Lizárraga,La Casita,0vtYnEw1eJwW26BrBnOAYJ,72,2C6i0I5RiGzDKN9IAF8reh,217600
975,Andrew Gold,Thank You for Being a Friend - 2020 Remaster,3ZIWRuFkRSkGuelVCI6ETh,5,5fmvGUlMVgmnCn45f1he7d,282453
976,Marca MP,Mil Gracias Por Existir,1HAvMItHMFRlnrbOXZBL8X,69,44mEtidu0VdRkIqO4IbkNa,225541
977,Paul Carrack,"What's Going On - Live in Holland, 2012",5I0ZLShyskrNeaavnl3sLD,9,0FFuvdY7fuiuTmHN9unYoz,233109
978,Brent Faiyaz,Been Away,5PvVkf1Yuq3XyMqqjPiKPd,65,3tlXnStJ1fFhdScmQeLpuG,223629
979,RDJR,Did Not Make Stems (Outro 2020) [Bonus Track],2ybue2BF8zfxkdcgHtWwfv,11,0O4qjqi93cEqShadvu3ygv,123160
980,Phoebe Bridgers,Garden Song,5bIgzvxvlefRUCQK9JPocF,67,1r1uxoy19fzMxunt3ONAkG,219681
981,Christy Moore,The Raggle Taggle Gypsy; Tabhair Dom Do Lámh - Remastered 2020,1uGYAMruf0LnXZI0KPALju,9,3Ebn7mKYzD0L3DaUB1gNJZ,261546
982,Juice WRLD,Fighting Demons,0440JCJyIAmINA8KcYgFb5,66,4MCBfE4596Uoi2O4DtmEMz,200628
983,David Nevue,A Thousand Years and After,0OzrbatEPZFVGZNJPoN2tR,1,7zbq3gjHu4JAiMV7dWbUdv,186505
984,Lil Tecca,Our Time,2WxUIiq06XXPYWl9YcRJnD,68,4Ga1P7PMIsmqEZqhYZQgDo,98413
985,Titobeats,Happy New Year 2021 - Instrumental,05l9VYIDq7lYaAw6HxQBVl,1,0QF82eXfMSaP9iePLe59BM,190667
986,TOMORROW X TOGETHER,Blue Hour,3ObPkJQAgjAhTwYvDhPrAW,72,0ghlgldX5Dd6720Q3qFyQB,209105
987,Pete Yorn,"Lose You - Live from the musicforthemorningafter Quarantine Livestream - July 25th, 2020",3KDiZD7brQXdKT9tWEKPxV,2,5l2EAkfckNPYZbEDbQtEkO,316626
988,Tems,Free Mind,2mzM4Y0Rnx2BDZqRnhQ5Q6,67,687cZJR45JO7jhk1LHIbgq,247578
989,Aly & Fila,Somebody Loves You (with Plumb),2inBkyRhXyvSmzq7V4HVnx,11,2hL1EouqXLtBEB6JKnPF0h,250285
990,FLETCHER,Bitter,5Z0AM9HW78XIyZqF2BPasr,67,5qa31A9HySw3T7MKWI9bGg,194749
991,Bogdan Vix,Stay (FYHYM2020),6qoYUScvvc6mE2Lt595TIR,5,6fMpfNgqaXdCWbsnXS9hCo,73000
992,Koe Wetzel,Kuntry & Wistern,1deRJz00Ey3FMbBbH1qEvS,62,1Tie3AZgLQZqYEp8Fv4zOZ,241972
993,Omnia,NVRLND (FYHYM2020),1vM7L8PWKH1pAm71ME60l1,4,0XZkeCAlpiO5qcIlAJzZaA,60000
994,42 Dugg,Not A Rapper,3iJzFCok0A0qvOaADTAyq5,63,45gHcnDnMC15sgx3VL7ROG,107771
995,Luke Bond,Walk Away (FYHYM2020),2sEKRPE17h3udhln7kFg5S,4,13jm4r5O79Vxjy3zzZ51j0,59906
996,Mac Miller,Woods,3Qa944OTMZkg8DHjET8JQv,66,4LLpKhyESsyAXpc4laK94U,286386
997,Om Zone,Ohm Meditation,46B0nZzZOZPku3sGyYS0Vh,6,4ru2P4zXfMP4uGqhMk1diM,283998
998,Giveon,Favorite Mistake,4rHIfYRQw6ittRQXAlurk0,66,4fxd5Ee7UefO4CUXgwJ7IP,172907
999,Paul Carrack,"The Living Years - Live at Symphony Hall, Birmingham, 2017",2FhSjLhwayJWpF7y8Rbuqj,7,0FFuvdY7fuiuTmHN9unYoz,344926
